ACAL035,ACFE015,ACIM001,ECF008,EJP001,ERO011,ESY008,LAL020,LAL029,LRE022,OCE003,OFF001,OFF010,OFI013,PAN003,SMW011,SMW017,SST013
EAG010,ECF012,EJF020,LAL024,LBB013,LDG001,LDG010,LMC008,LTT007,ORR013,OSH022,SME018,SMT008,SPI003,SSS009,SWA014,SWA022,SZO004
ACNO038,EEG002,EJP018,EOW006,EOW013,LBU020,MYHI001,OFF007,OFI011,OMA028,PAN021,SAA011,SEN007,SMA032,SMW001,SNB010,SPI020,SUM003
ACFE012,ACWS007,EDO008,EPP003,EWW018,FSE007,LDG006,LHY005,LRE013,OCE008,ODE019,OSH013,OWA021,PHE029,SIW010,SMT005,SOD031,SPL003
ACCU028,ACIM002,ACMO001,ACPY005,EAG016,EDO008,EOW020,ERO032,LAM020,LMA014,LUN005,OMA030,OSH003,PHU002,SBB011,SDD023,SGM017,SST033
ACFE003,ACGM019,EJP027,EOW018,EWO005,LAL024,LBI025,LDG010,LPL018,LPL019,LPR008,OFF007,PHE021,PIC011,PIC012,SIW003,SNV021,SSS030
ACEM032,ACGM039,ACHA018,EPP010,ERO016,ESY008,FPA007,FSC001,OCP002,OMA030,PAN017,PCA016,PCA034,PHE022,SAS011,SFO020,SGM033,SZO007
ACAL005,ACAL039,ACEV001,ACSP004,EHC005,LBU033,LCC003,LUN027,ODE010,OFI016,OWA017,PFF017,SFO008,SGM017,SIW011,SIW017,SPL005,SST007
ACCU028,ACIM002,ACMO001,ACPY005,EDO008,EOW020,ERO012,ERO032,LMA014,LUN005,OMA030,OSH003,PHU002,SBB011,SDD023,SFO014,SGM017,SST033
ACEV001,ACFE003,ACTA016,EDO007,EJP001,EMM022,EWW036,LAL003,LBI014,LDG010,SCO007,SFO003,SFO010,SFO014,SMA033,SMW008,SRR019,SWA012
ACAL035,ACGM039,ACTO002,EBT005,EJF018,EMM019,FSP003,LUN006,LVE035,OFI031,OMA001,ORR019,OWA012,PHE022,PMO004,SEL008,SFO020,SGM033
ACEV001,ACFE003,ECF011,EDO007,EJP001,EWW036,LAL003,LBI014,LCA006,LDG010,LVE004,OFF007,SCO007,SFO010,SFO014,SMA033,SRR019,SWA012
ACIM002,ACNO019,ACPH013,ACPP032,ACSP026,ECF012,EEG021,ESS006,EWW008,LBU033,LPR008,LRE027,OEV002,OMW009,ORR006,SAS003,SBB011,SCC006
EAG010,EHH001,EJF020,LAL024,LBB013,LDG001,LDG010,LPL018,LVE026,ORR013,SCO014,SDD005,SGM010,SNV043,SPI003,SSS009,SWA003,SZO004
ACIM002,ACPH013,ACSP026,ESS006,EWW008,LBU033,LRE027,LUN026,ORR006,OSH016,PFF004,POM009,SAS003,SBB011,SCC006,SCO025,SFO014,SGM032
EAG010,EJF020,EOW024,LAL024,LBI024,LMC008,LPL018,LVE026,OCP006,OMW013,ORR013,SDD005,SGM010,SME018,SMO018,SPI003,SSS009,SZO004
ACAL005,ACAL039,ACEV001,EHC005,HEV001,LCC003,LCC015,LUN027,ODE010,OFI016,OWA017,PCA007,PFF017,SFO008,SGM017,SIW017,SMO016,SPL005
ACCU022,ACFE015,ACIM001,ECF008,EEE015,EJP001,ERO011,ESY008,LAL029,LRE022,OFF001,OFF010,PAN003,SAA004,SFO008,SMW011,SMW017,SST013
ACIM002,ACNO019,ACPH013,ACSP026,EEG010,EEG021,ESS006,EWW008,LBU033,LPR008,LRE027,OEV002,PFF004,SAS003,SAS010,SBB011,SCC006,SFO014
ACFE012,ACWS007,EPP003,EWW018,FSE007,LDG006,LMA001,LRE013,OCE008,OSH013,OWA021,PHE026,PHE029,SMO018,SMT005,SOD031,SPL003,STE008
ACCU023,ACGM039,ACHA018,ACSP029,EPP005,ERO016,FSC001,LAM010,LMA038,OCP002,ODE011,OMW009,PCA016,PHE022,SAS011,SFO020,SGM033,SNV017
ACAL005,ACAL039,ACEV001,ACGD005,EHC005,HEV001,LBU033,LCC015,LMA002,LPL004,OCE006,ODE010,OFI016,OWA017,PFF017,SGM017,SIW011,SMA006
ACCU030,ACIM002,ACNO019,ACPH013,ACSP026,ECF012,EEG021,ESS006,EWW008,LAL015,LRE027,LTT015,ORR006,PFF004,POM009,SAS003,SBB011,SFO014
ACFE004,ACIM002,ACMO001,ACNO013,ACNO019,EWW008,LAL010,LBI001,LDG019,LMA002,LMC022,LRE019,PHE007,SBB011,SDD023,SFO014,SFR002,SGM017
ACFE009,EMM022,ERO008,ERO027,EWW011,LBI004,LPR007,ORR019,OWA023,PCA008,SEL017,SFN020,SGM030,SGM033,SNB006,SST007,SST013,SWA007
EAG010,EHH001,EJF020,LAL024,LBB013,LDG001,LDG010,LPL018,LVE026,ORR013,SDD005,SGM010,SNV043,SOD023,SPI003,SPI010,SSS009,SZO004
ACFE009,EMM022,ERO027,EWW011,LBI004,LMA002,LPR007,ORR019,OWA023,PCA008,SEL017,SFN020,SGM030,SGM033,SNB006,SST007,SST013,SWA007
ACCU023,ACHA018,ACSP029,EWW003,EWW015,EWW041,FSC001,LAL002,LPR019,LPR027,OCP002,ODE015,PCA008,PCA016,PCA034,PHE022,SAS011,SNV017
ACIM002,ACNO019,ACPH013,ACSP026,EEG021,ESS006,EWW008,LAM022,LBU033,LPR008,LRE027,OEV002,OMW009,ORR006,SAS003,SBB011,SCC006,SFO014
ACCU023,ACEM032,ACGM039,ACHA018,ERO016,ESY008,FPA007,FSC001,OCP002,OMA030,PCA016,PCA034,PHE022,SAS011,SFO020,SGM033,SME023,SZO007
ACEV001,ACFE003,EDO007,EJP001,EMM022,EWW036,LAL003,LBI014,LDG010,OFF007,SAS018,SCO007,SFO003,SFO010,SFO014,SMW008,SRR019,SWA012
ACAL005,ACAL039,ACEV001,EHC005,EOW026,HEV001,LBU033,LCC015,LUN027,ODE010,OFI016,OWA017,PFF017,SBB003,SIW011,SNB010,SNV037,SPL005
ACAL035,ACCU022,ACFE015,ECF008,EEE015,EJP001,EOW023,ERO011,ESY008,LAL029,LRE022,OFF001,OFF010,PAN003,SAA004,SMW011,SMW017,SST013
ACFE003,ACGM019,ACPY005,EOW018,EWO005,LAL024,LDG010,LPL018,LPR008,OBI004,OFF007,PHE021,PIC011,PIC012,SGM010,SIW003,SNV013,SNV021
ACCU028,ACIM002,ACMO001,ACNO019,ACPH009,EAG016,EHH007,EWW008,LBI001,SBB011,SDD003,SEL002,SFO005,SFO014,SFR002,SGD003,SMA011,STE004
ACGM039,ACPY002,ACTO002,EBT005,ERO042,FSP003,LVE035,OFI031,OMA001,ORR019,OWA012,PHE022,PMO004,POM009,SCO003,SEL008,SFO020,SGM033
ACAL005,ACAL039,ACEV001,ACIM010,EHC005,HEV001,LCC003,LCC015,LUN027,LVE004,OWA017,PFF017,SBB003,SFN013,SFO008,SGM017,SIW011,SRR008
ACAL005,ACAL039,EHC005,HEV001,LBU033,LCC003,LCC015,LUN027,ODE010,OFI016,OWA017,PFF017,SFO008,SFO013,SGM017,SIW017,SMO016,SPL005
ACEM032,ACGM039,ACHA018,ACNO039,ACSP029,ERO016,ESY008,FPA007,OCP002,ODE011,OFI030,OMA011,PCA016,PCA034,SAS011,SCO006,SFO020,SGM033
ACCU028,ACIM002,ACMO001,ACNO019,ACPH009,EAG016,EHH007,EWW008,LBI001,SBB011,SEL002,SFO005,SFR002,SGD003,SGM017,SMA011,SRR004,STE004
ACIM002,ACNO019,ACPH013,ACSP026,ECF012,EEG021,ESS006,EWW008,LBU033,LPR008,LRE027,OEV002,OMW009,SAS003,SBB011,SCC006,SFO014,SZO009
ACAL035,ACFE015,ACSP009,EOW014,ERO005,ERO011,ESY008,EWW001,HEV004,LBI007,LRE019,LUN005,OCP023,OFF001,OFF010,PAN003,SAA004,SMW011
ACEM018,ACFE015,EJP001,EOW014,ERO005,ERO011,ESY008,HEV004,LAL029,LBI007,LRE019,LUN016,OFF001,OFF010,ORE023,PAN003,SMW011,SMW012
ACFE009,ERO001,ERO027,EWW011,FSE001,LPR007,OEV007,ORR019,OWA023,PCA034,PHE012,SCC002,SCO027,SEL023,SFN020,SGM033,SNB006,SST004
ACAL025,ACPH013,ACSP026,EDO011,EEG021,ESS006,EWW008,LBU033,LCA028,ORR006,PFF004,POM009,SAS003,SBB011,SCC006,SCO025,SFO014,SGM032
ACAL005,ACAL039,ACEV001,ACIM010,EHC005,HEV001,LCC003,LCC015,LUN027,LVE004,PFF017,SBB003,SEL005,SFO008,SGM017,SIW011,SRR004,SRR008
ACGM043,ACIM002,ACNO019,ACPH013,ACSP026,ECF012,EEG021,ESS006,LRE027,PFF004,POM009,SAS003,SBB011,SCC006,SFN009,SFO014,SPL003,SST014
EAG010,EHH001,EJF020,LAL024,LBB013,LDG001,LDG010,LPL018,LVE026,ORR013,ORR021,SCO014,SDD005,SNV043,SOD023,SPI003,SSS009,SZO004
EAG010,EJF020,EOW024,EWO001,LAL024,LBI024,LDG010,LMC008,LPL018,LVE026,OCP006,OMW013,ORR013,SDD005,SGM010,SME018,SPI003,SZO004
EAG010,ECF012,EHH001,EJF020,LAL024,LBB013,LDG001,LDG010,LMC008,LTT007,ORR013,PLB004,SME018,SMT008,SPI003,SSS009,SWA022,SZO004
ACAL035,ACFF001,ACGM039,ACTO002,EBT005,ERO042,FSP003,LUN006,LVE035,OMA001,ORR019,OWA012,PHE022,PMO004,SCO003,SFO020,SGM033,SNV039
ACCU028,ACIM002,ACMO001,ACNO019,ACPH009,ACPP026,EWW008,LBI001,SBB011,SDD023,SEL002,SFO005,SFO014,SFR002,SGD003,SGM017,SMO019,STE004
ACGM057,ACIM002,ACMO001,ACNO013,ACNO019,EAG016,EHH007,LAL010,LBI001,LBI007,LDG019,PHE007,PHU002,SBB011,SFO014,SFR002,SGM017,SMA035
ACFE003,ACGM019,EOW018,EWO005,LAL024,LCA006,LPL018,LPL019,LPR008,OCP023,OFF007,PHE021,PIC011,PIC012,SIW003,SNV013,SNV021,SSS030
ACFE009,ERO001,ERO027,EWW011,FSE001,LPR007,OMA028,ORR019,OWA023,PCA034,PHE012,SCC002,SCO027,SEL023,SFN020,SGM033,SNB006,SST004
ACAZ003,ACGM039,ACHA018,ACOO016,ACSP029,EEE003,EHH016,ESY008,EWW003,FSC001,LAL002,LPR027,OCP002,ODE011,PCA008,PCA016,PCA034,SNV017
ACAL009,ACEV001,ACFE003,EEG005,EJP001,LAL003,LBB031,LBI014,LDG010,SCO007,SFO003,SFO014,SMA011,SMA033,SMW008,SRR019,SSC004,SWA012
ACCU023,ACHA018,ACSP029,EWW041,FSC001,LAL002,LMA010,LPR019,LPR027,OCP002,ODE015,PCA008,PCA016,PCA034,PHE022,SAS011,SEL012,SNV017
ACAL035,ACGM039,ACPY002,ACTO002,EBT005,FSP003,LVE035,OFI031,OMA001,ORE011,ORR019,OWA012,PHE022,PMO004,SCO003,SEL008,SFO020,SGM033
ACNO038,EJP018,EMM006,EOW002,EOW006,EOW013,LBU020,LCC007,LDG017,MYHI001,OFF007,OFI011,SAA011,SMA032,SMW001,SNB010,SPI020,SUM003
ACMU001,ACMU003,ELT008,LCC008,LUN006,MYSP001,ORR013,PAN004,SAA012,SAS021,SDD001,SFO002,SMO003,SNV017,SNV020,SOD012,SSC007,SUM003
EES016,EJP024,EMM009,ERO027,LAM004,LBB003,LBB004,LBI008,LMA053,LRE005,LVE003,OBI014,OCE012,OCP002,OMA011,SBB019,SME010,SST007
ACAL039,ACCU023,ACEV020,ACHA018,ACSP029,ERO016,ESY008,LVE005,OCP002,ODE011,OMW009,OSH018,PCA016,PHE022,SAS011,SGM033,SNV017,SZO006
ACAL035,ACAM005,ACCU022,ACFE015,ECF008,EJP001,ERO011,ESY008,LAL029,LBB002,LRE019,LRE022,OFF001,OFF010,PAN003,SAA004,SMW017,SST013
ACAL035,ACGM039,ACTO002,EBT005,EJF018,FSP003,LUN006,LVE035,OCE009,OFI031,OMA001,ORR019,OWA012,PHE022,PMO004,SCO003,SEL008,SGM033
EAG010,ECF012,EHH001,EJF020,LAL024,LBB013,LDG001,LDG010,LMC008,LPR019,LTT007,ORR013,OSH022,SME018,SMT008,SSS009,SWA022,SZO004
ACAL005,ACEV001,ACGD005,EHC005,HEV001,LBU033,LCC003,LCC015,LPL004,OCE006,ODE010,OFF009,OFI016,OWA017,PFF017,SGM017,SIW011,SMA006
ACAL025,ACPH013,ACSP026,EDO011,EEG021,ESS006,EWW008,LBU033,LRE027,ORR006,PFF004,POM009,SAS003,SBB011,SCC006,SFO014,SGM032,SME010
ACIM002,ACPH013,ACSP026,EEG021,ESS006,EWW008,LBU033,LMA023,LRE027,LUN026,ORR006,PFF004,POM009,SAS003,SBB011,SCC006,SFO014,SGM032
ACMU001,ACMU003,ELT008,LCC008,LMC022,LUN006,ORR013,PAN004,SAA012,SAS021,SDD001,SFO002,SMO003,SNV017,SNV020,SOD012,SSC007,SUM003
ACCU028,ACIM002,ACMO001,EAG016,EDO008,EOW020,ERO032,EWW008,LMA014,LUN005,OMA030,OSH003,PHE011,PHU002,PIC009,SBB011,SFO014,SGM017
ACAL034,ACWS007,EPP003,ESS001,EWO005,LDG024,LMA001,LRE013,OCE008,OMA010,OMA022,OSH013,OWA021,PHE029,SFO022,SMT005,SOD031,STE008
ACIM002,ACNO019,ACPH013,ACSP026,ECF012,EEG021,ESS006,EWW008,LRE027,LTT015,ORE023,ORR006,PFF004,POM009,SAS003,SBB011,SCC006,SFO014
ACFE003,ACGM009,EJP027,EOW018,EWO005,LAL024,LDG010,LPL018,LPL019,LPR008,OFF007,PHE021,PIC011,PIC012,SIW003,SNV013,SNV021,SSS030
ACCU028,ACIM002,ACMO001,ACNO019,ACPH009,EAG016,EHH007,EWW008,LBI001,SBB011,SBB021,SEL002,SFO005,SFO014,SFO022,SFR002,SGD003,STE004
ACAL013,EEG002,EJP018,EMM006,EOW002,EOW006,EOW013,LBU020,MYHI001,OFF007,OFI011,SEN007,SGM029,SMA032,SMW001,SNB010,SPI020,SUM003
ACMU003,ECF009,EEE018,EEE019,ELT008,LBB013,LBU002,LCC017,OWA021,PCA010,PCA013,SDD001,SGM007,SMO003,SNV004,SNV017,SNV020,SOD012
ACFE009,EMM022,ERO027,EWW011,LBI004,LPR007,ORR019,OWA023,SBB003,SEL017,SFN020,SGM024,SGM030,SGM033,SNB006,SST007,SST013,SWA007
ACAL035,ACFE015,EOW014,ERO011,ESY008,EWW001,HEV004,LAL029,LAM004,LBI007,LRE019,LUN005,OFF001,PAN003,SAA004,SFO022,SMW011,SMW012
ACAL025,ACPH013,ACSP026,EDO011,EEG021,ESS006,EWW008,LRE027,ORR006,PFF004,POM009,SAS003,SBB011,SCC006,SCO011,SCO025,SFO014,SGM032
ACCU023,ACGM039,ACHA018,ACOO016,ACSP006,ACSP029,ESY008,EWW003,FSC001,LAL002,LPR027,OCP002,ODE011,PCA016,PCA034,PHE022,SNV017,SPI016
ACAL034,ACFE012,ACWS007,EPP003,FSE007,LBU005,LCA016,OCE008,OEV003,OMA022,OSH013,OWA021,SDD030,SMT005,SOD031,SOD033,SPL003,STE008
ACCU023,ACGM039,ACOO016,ACSP029,EEE003,EES016,ESY008,EWW003,FSC001,LAL002,LPR027,OCP002,ODE011,PCA008,PCA016,PCA034,PHE022,SAA017
ACCU023,ACGM039,ACHA018,ACOO016,ACSP006,ESY008,EWW003,FSC001,LAL002,LPR027,MYHI002,OCP002,ODE011,PCA008,PCA016,PCA034,PHE022,SNV017
ACAL010,ACFE003,ACGM019,ACWS008,ESS010,EWO005,LAL024,LMA046,LMC008,LPR008,SGM010,SIW001,SME018,SOD010,SSS003,SSS030,SST037,SZO005
EAG010,EJF020,EOW024,EWW009,LAL024,LBI024,LDG010,LMC008,LPL018,LVE026,OCP006,OMW013,ORR013,SDD005,SME018,SPI003,SSS009,SZO004
ACEM032,ACGM039,ACHA018,ACSP029,ERO016,ESY008,FPA007,OCP002,ODE011,OMA011,PCA016,PCA034,PHE022,PIC012,SAS011,SCO006,SFO020,SGM033
ACIM002,ACNO019,ACPH013,ACSP026,ECF012,EEG021,ESS006,EWW008,LBI041,LBU033,LPR008,LRE027,OEV002,OMW009,ORR006,SAS003,SBB011,SFO014
ACAL005,ACAL039,EHC005,EWW010,HEV001,LBU033,LCC003,LCC015,LUN027,ODE010,OFI016,OWA017,PFF017,SFO008,SGM017,SIW011,SIW017,SST004
ACEM032,ACGM039,ACHA018,EPP010,ERO016,ESY008,FPA007,FSC001,OCP002,OMA030,OSH020,PCA016,PCA034,PHE022,SAS011,SFO020,SGM033,SZO007
ACAL035,ACEM002,ACGM039,ACTO002,EBT005,EJF018,LUN006,LVE035,OFI031,OMA001,ORR019,OWA012,PHE022,PMO004,SCO003,SEL008,SFO020,SGM033
ACAL034,ACFE012,EPP003,ESS001,EWO005,LAL012,LMA001,LRE013,LVE017,OCE008,OMA022,OSH013,PHE029,SFO022,SMT005,SOD031,SOD033,STE008
ACMU003,ACPP028,EEE018,EEE019,ELT008,LAL017,LBU002,OWA021,PCA010,PCA013,POM005,SFN011,SFO002,SGM012,SMO003,SNV004,SNV017,SOD012
ACGM039,ACHA018,ACSP029,ERO016,ESY008,FSC001,LBI013,OCP002,ODE011,OMW009,PAN012,PCA016,PCA034,PHE022,SAS011,SFO020,SGM033,SNV017
ACAL034,ACWS007,EPP003,ESS001,LDG024,LMA001,LRE013,OCE008,OMA022,OSH013,OWA021,PHE029,SFO022,SMT005,SNV007,SOD031,SOD033,STE008
ACGM019,ACTA005,CEV001,EES010,EMM029,ERO003,LAL024,LBU002,LBU003,LDG010,LMA033,LPL018,OFF007,OFF016,OSH004,SFO017,SME018,SZO007
ACAL009,ACAL010,ACFE003,ACGM019,ACOO017,ACPP036,EWO005,EWW005,LBB013,LDG010,LMA046,LPL018,MYHI001,OFF007,SEL016,SGM010,SPL010,SSS030
ACNO038,EEG002,EJP018,EOW002,EOW006,EOW013,LBU020,LMC023,MYHI001,OFF007,OFI011,PAN021,SAA011,SEN007,SMA032,SMW001,SPI020,SUM003
ACAL035,ACIM001,ACIM013,ECF008,ERO011,ESY008,LAL029,LRE019,LRE022,OFF001,PAN003,SAA004,SMA014,SMW011,SMW012,SMW017,SST013,SWA028
ACAL035,ACGM039,ACTO002,EBT005,EEG015,ERO042,FSP003,LBU014,LCA024,LUN006,OMA001,OWA012,PHE022,SCO003,SEL008,SFO020,SGM033,SWA028
