ACGD002,ECF014,EJP021,EMM022,EWW036,FSP007,LCC004,LDG008,LMC032,LPR012,LVE032,OCE009,OFF017,SAS020,SIW010,SMO011,SOD016,STE019
ACAM008,ACCU012,EJP016,EJP021,EMM022,LCC015,LDG008,LPR012,LVE032,OCE009,PCA010,PFF012,SGD001,SMA025,SOD016,SSS012,STE019,SWA014
ACCU026,ACEV005,ACGD002,ECF012,ECF014,EES008,EJP021,EMM022,ESS008,EWW036,LDG008,LMC032,LPR012,OCE009,SAS020,SMO011,SOD016,STE019
ACPP031,EEG006,EES008,EJP002,EJP021,EMM022,ERO001,EWW036,LDG008,LPR012,OCE009,OMA029,OSH001,OSH003,SBB002,SMA025,SNV027,SOD016
ECF017,EES008,EJP021,EJP027,ERO001,LDG008,LPR012,LPR028,OCE009,ORR006,OSH001,SCO023,SFN009,SNV017,SNV018,SOD016,SOD019,STE019
ACMO005,EEG011,EES008,EJP021,EMM022,ESS007,EWW036,LPR012,LVE006,LVE032,OCE009,OFI001,PAN019,SIW002,SMA025,SMO011,SOD016,STE019
ACWS001,EES008,EJP021,EMM022,ESS007,EWW036,LBB004,LCA023,LDG008,LPL019,LVE032,OSH001,OSH003,PCA016,PFF012,SMA025,SOD016,STE019
ACPP008,EES008,EHH008,EJP016,EJP021,EMM022,LCC015,LDG008,LPR012,LVE012,LVE032,OCE009,PFF012,SGD001,SMA025,SOD016,SSS012,SWA014
EEE004,EES008,EJP021,EJP027,LDG008,LPR012,LPR020,LVE032,OCE009,OMA027,PHE022,SCO011,SMA025,SMA029,SOD016,SSS019,SST009,STE020
EES008,EJF021,EJP021,EJP027,EMM022,LBB026,LPR012,LVE032,OSH001,PFF012,SEL020,SMA025,SNV001,SNV012,SOD016,SPI004,STE019,SZO005
ACAL002,EES008,EMM022,EMM034,ESS002,LAL020,LDG008,LPR012,LVE032,OCE009,OCP002,ODE008,SMA025,SNB025,SNV009,SNV017,SOD016,STE019
EAG016,EES008,EMM022,EMM034,LAL020,LAM027,LDG008,LMA035,LPR012,LVE032,OCE009,OCP002,ODE008,SMA025,SME023,SNV009,STE019,SWA022
EAM002,EES008,ELT011,EMM022,EMM034,ESS002,LAL020,LDG008,LPR012,LTT003,LVE032,OCE009,OCP002,ODE008,SMA025,SNV017,STR004,SWA022
ACIM013,EES008,EMM022,EMM034,ESS002,LAL020,LDG008,LVE032,MYSE001,OCE009,OCP002,ODE008,SMA025,SME023,SNV009,SNV017,STE019,SWA022
ACCU030,ACWS001,EMM022,EMM034,LDG008,LPR012,LUN016,LVE032,OBI006,OCE009,OCP002,ODE008,SMA025,SNV009,SNV017,SSS011,STE019,SWA022