SCC004,SCC003,SCC006,SCC005,EOW009,SCC008,EOW008,SCC007,EOW007,EOW006,EOW005,EOW004,EOW003,EOW002,EOW001,SCC002,SCC001,SZO013
SZO012,SZO011,SZO010,LCC020,ACEV002,POM001,ACEV001,POM002,POM003,POM004,POM005,POM006,POM007,POM008,POM009,LCC019,LCC018,LCC017
LCC016,LCC015,EOW026,LCC014,EOW025,LCC013,EOW024,LCC012,EOW023,LCC011,EOW022,LCC010,EOW021,EOW020,ACRR005,POM010,ACRR004,POM011
POM012,ACRR002,POM013,POM014,POM015,POM016,ACRR006,POM017,POM018,POM019,LCC009,LCC008,EOW019,LCC007,EOW018,LCC006,EOW017,LCC005
EOW016,LCC004,EOW015,LCC003,EOW014,LCC002,EOW013,LCC001,EOW012,EOW011,ACRR001,EOW010,EEG002,POM020,EEG001,POM021,POM022,POM023
EEG006,EEG005,EEG004,EEG003,EEG009,EEG008,EEG007,STR029,STR028,STR027,STR026,STR025,STR024,STR023,STR033,STR032,STR031,STR030
STR019,EEG024,STR018,EEG023,STR017,STR016,EEG021,STR015,STR014,EEG027,STR013,EEG026,STR012,EEG025,SZO009,SZO008,SZO003,SZO002
SZO001,SZO007,SZO006,SZO005,SZO004,STR022,STR021,STR020,STR008,STR007,STR006,EEG011,STR005,EEG010,STR004,STR003,EEG016,STR002
EEG015,STR001,EEG014,STR009,STR011,STR010,SEN010,SEN013,SEN014,SEN011,SEN012,SEN017,SEN018,SEN015,SEN016,SEN019,SEN020,SEN021
SEN022,SEN023,SRR002,SRR001,LMA009,LMA008,LMA003,LMA002,LMA001,LMA007,LMA006,LMA005,LMA004,LMA010,LMA019,LMA014,LMA013,LMA012
LMA011,LMA018,LMA017,LMA016,LMA015,SST010,ACGD002,ACGD001,LMA021,SST013,LMA020,SST014,ACGD003,SST011,ACEV020,ACGD006,SST012,ACGD005
ACGD008,ACGD007,ACGD009,ACSP020,ACSP021,ACSP022,ACSP023,ACSP024,ACSP025,ACSP026,ACSP027,ACSP028,LMA025,SST006,ACSP029,ACEV019,LMA024,SST007
ACEV018,LMA023,SST004,LMA022,SST005,LMA029,ACEV015,LMA028,ACEV014,LMA027,SST008,ACEV017,LMA026,SST009,ACEV016,SST020,ACEV011,ACGD011
SST021,ACEV010,ACGD010,ACEV013,ACGD013,ACEV012,ACGD012,LMA032,SST024,ACGD015,LMA031,SST025,ACGD014,LMA030,SST022,SST023,ACGD016,ACSP031
ACSP032,LMA036,SST017,ACEV008,LMA035,SST018,ACEV007,SST015,LMA033,SST016,ACEV009,ACEV004,LMA039,ACEV003,LMA038,SST019,ACEV006,LMA037
ACEV005,LMA043,LMA042,LMA041,LMA040,SRR006,SRR005,SRR004,SRR003,SRR009,SRR008,SRR007,SMW004,SMW003,SMW002,SMW001,SRR013,SRR012
SRR011,SRR010,LMA047,FPA007,LMA046,FPA008,LMA045,LMA044,SMW009,SMW008,SMW007,LMA049,SMW006,LMA048,SMW005,LMA050,FPA001,FPA002
LMA054,SST002,SEN002,FPA003,LMA053,SST003,SEN003,FPA004,LMA052,FPA005,SST001,SEN001,FPA006,SEN006,SRR017,SEN007,SRR016,SEN004
SRR015,SEN005,SRR014,SEN008,SRR019,SEN009,SRR018,SRR020,SMW015,ACPY005,SMW014,ACPY006,SMW013,ACPY003,SMW012,ACPY004,SMW011,SMW010
SRR022,SRR021,LMA058,LMA057,LMA056,LMA055,ACPY001,SMW018,ACPY002,SMW017,LMA059,SMW016,SMA029,SOD025,EAG020,SMA026,SOD024,SMA025
SOD023,SMA028,SOD022,SMA027,SOD029,EAG024,SMA022,SOD028,EAG023,SMA021,SOD027,EAG022,SMA024,SOD026,EAG021,SMA023,EAG028,EAG027
EAG026,SMA020,EAG025,SOD021,SOD020,EAG029,SMA018,SMA015,SMA014,SMA017,SOD033,SMA016,EAG013,SMA011,EAG012,SMA010,EAG011,SMA013
EAG010,SMA012,EAG017,EAG016,EAG015,EAG014,SOD032,SOD031,SOD030,EAG019,EAG018,SGD013,SGD014,SGD011,SGD012,ACFF001,SMA008,SGD017
SMA007,SGD018,SGD015,SMA009,SGD016,SMA004,ACFF006,MYHI003,SMA003,ACFF007,MYHI002,SMA006,MYHI001,SMA005,EAG002,ACFF002,EAG001,ACFF003
SMA002,ACFF004,SMA001,ACFF005,EAG006,EAG005,EAG004,EAG003,EAG009,EAG008,EAG007,SGD008,SGD009,SGD002,SGD003,SGD001,SGD006,SGD007
SGD004,SGD005,SGD010,LBI021,LBI022,LBI023,LBI024,LBI020,LBI018,PCA001,LBI019,PCA004,LBI014,PCA005,LBI015,PCA002,LBI016,PCA003
LBI017,PCA008,PCA009,PCA006,PCA007,LBI010,LBI011,LBI012,LBI013,PCA011,LBI007,LEV001,PCA012,LBI008,LEV002,LBI009,LEV003,PCA010
LEV004,PCA015,LBI003,PCA016,LBI004,PCA013,LBI005,PCA014,LBI006,PCA019,PCA017,PCA018,LEV005,LEV006,LBI001,LBI002,SMO004,SMO003
SMO002,SMO001,SMO008,SMO007,SMO006,SMO005,SEV004,SEV005,SMO009,EAG031,EAG030,EAG032,SEV002,SMO011,EBT006,SEV003,SMO010,EBT005
EBT004,SEV001,EBT003,SMO015,EBT002,SMO014,EBT001,SMO013,SMO012,SMO019,SMO018,ORE024,SMO017,SMO016,LCR001,LCR002,SMO022,LCR009
SMO021,SMO020,LCR007,LCR008,ORE022,SMO026,LCR005,ORE023,SMO025,LCR006,ORE020,SMO024,LCR003,ORE021,SMO023,LCR004,ORE015,ORE016
ORE013,SMO028,ORE014,SMO027,ORE019,ORE017,ORE018,LCR010,ORE011,ORE012,ORE010,ORE004,ORE005,ORE002,ORE003,ORE008,ORE009,ORE006
ORE007,PCA030,PCA022,PCA023,PCA020,PCA021,PCA026,PCA027,PCA024,PCA025,PCA028,PCA029,ORE001,PCA033,PCA034,PCA031,PCA032,PCA037
PCA038,PCA035,PCA036,ACTO006,ACTO003,ACTO004,ACTO001,ACTO002,EJF020,EJF021,EJF013,EJF012,EJF015,EJF014,EJF017,EJF016,EJF019,EJF018
EJF011,EJF010,EJF002,EJF001,EJF004,EJF003,EJF006,EJF005,EJF008,EJF007,EJF009,ACCO001,EES011,EES010,EES013,EES012,EES004,EES003
EES006,EES005,EES008,EES007,SIW009,EES009,SIW008,SIW007,SIW006,SIW005,SIW004,SBB002,SIW003,SBB001,SIW002,SIW001,SIW011,SIW010
ACOO001,EES002,EES001,ACOO009,ACOO008,ACOO007,ACOO006,ACOO005,ACOO004,ACOO003,ACOO002,SIW019,SIW018,SIW017,SIW016,SIW014,SIW012,ERO042
ERO040,ERO041,ERO033,ERO034,ERO031,EES020,ERO032,EES022,ERO030,EES021,EES015,EES014,ERO039,EES017,EES016,ERO037,EES019,ERO038
ERO035,ERO036,SCO017,PAN019,SCO016,PAN018,SCO015,PAN017,SCO014,PAN016,SCO013,SCO012,SCO011,SCO010,LAM019,PAN011,PAN010,PAN015
PAN014,SCO019,PAN013,SCO018,PAN012,LAM022,LAM023,LAM024,LAM025,LAM026,LAM027,LAM028,SME024,SME023,SME022,SME021,SME020,LAM020
LAM021,SCO006,PAN008,SCO005,PAN007,SCO004,PAN006,SCO003,PAN005,SCO002,SCO001,PAN009,LAM008,LAM009,PAN004,SCO009,PAN003,SCO008
PAN002,SCO007,PAN001,LAM011,LAM012,SMT001,LAM013,SME019,LAM014,SME018,LAM015,SME017,LAM016,SME016,SME015,LAM018,SME014,SME013
SMT008,SME012,SMT009,SME011,SMT006,SME010,SMT007,SMT004,SMT005,SMT002,LAM010,SMT003,SBB017,SBB016,SBB015,SBB014,SBB019,SBB018
ACOO012,PAN032,ACOO011,PAN031,ACOO010,PAN030,SCD002,SCD001,SMT011,LAM001,SME009,LAM002,SME008,ACOO018,LAM003,SME007,ACOO017,SMT010
LAM004,SME006,ACOO016,LAM005,SME005,ACOO015,LAM006,SME004,ACOO014,LAM007,SME003,ACOO013,SME002,SBB020,SME001,SBB022,SBB021,SBB006
PAN029,SBB005,PAN028,SNV002,SBB004,PAN027,SNV001,SBB003,SBB009,SBB008,SBB007,PAN022,SNV008,PAN021,SNV007,PAN020,SNV009,PAN026
SNV004,PAN025,SNV003,PAN024,SNV006,PAN023,SNV005,SBB013,SBB012,SBB011,SBB010,SNV011,ACCU005,SNV010,ACCU004,SNV013,ACCU007,SNV012
ACCU006,ACCU009,ACCU008,OFI016,SNV019,SNV018,OFI014,OFI013,SNV015,SNV014,OFI018,SNV017,OFI017,SNV016,SCV001,OFI023,OFI022,OFI021
OFI020,ACCU010,ACCU012,ACCU011,ACCU014,ACCU013,SNV022,SNV021,SNV024,SNV023,SNV020,OFI027,SNV029,OFI024,SNV026,SNV025,OFI029,SNV028
OFI028,SNV027,OFI030,OFI034,OFI033,OFI032,OFI031,ACCU001,ACCU003,ACCU002,SNV033,ACCU027,SNV032,ACCU026,SNV035,ACCU029,ACCU028,FSC006
FSC007,SNV031,SNV030,SNV037,SNV036,SNV039,SNV038,OFI001,ACCU030,ACCU031,ACCU034,ACCU033,ACCU036,ACCU035,SNV044,ACCU016,SNV043,ACCU015
ACCU018,ACCU017,SNV040,ACCU019,SNV042,SNV041,OFI005,OFI004,EMM009,OFI009,EMM008,OFI008,EMM007,EMM006,EMM005,EMM004,EMM003,EMM002
EMM001,OFI012,OFI011,OFI010,FSC002,FSC003,FSC004,ACCU021,FSC005,ACCU020,ACCU023,ACCU022,ACCU025,FSC001,ACCU024,ODE009,ODE008,ODE005
ODE004,ODE007,ODE006,EMM019,ODE001,EMM018,EMM017,ODE003,EMM016,ODE002,EMM015,EMM014,EMM013,ODE010,EMM012,EMM011,EMM010,EMM029
EMM028,EMM027,EMM026,EMM025,EMM024,EMM023,EMM022,EMM021,EMM020,ODE027,ODE026,ODE029,ODE028,ODE023,ODE022,ODE025,ODE024,MYPA001
ODE030,MYPA002,EMM036,MYPA003,EMM035,ODE032,EMM034,ODE031,EMM032,EMM031,EMM030,PEV004,ODE019,PEV003,PEV002,PEV001,ODE016,ODE015
ODE018,ODE017,ODE012,ODE011,ODE014,ODE013,SMA036,ODE021,ODE020,SMA033,SMA032,SMA035,SMA034,SMA031,SMA030,LMC001,LMC006,LMC007
LMC008,LMC009,LMC002,LMC003,LMC004,LMC005,LMC010,LMC011,LMC012,SEL001,SEL003,SEL002,SEL005,SEL004,SEL007,SEL006,SEL009,SEL008
LMC017,LMC018,LMC019,LMC013,LMC014,LMC015,LMC016,SST031,LMC020,SST032,LMC021,LMC022,SST030,LMC023,SST035,SEL010,SST036,SST033
SEL012,SST034,SEL011,SEL014,ACFE030,SEL013,ACFE031,SEL016,ACFE032,SEL015,ACFE033,SEL018,SEL017,SEL019,ACFE038,ACFE039,ACSP001,ACSP002
ACFE034,ACSP003,SUM002,ACFE035,ACSP004,SUM001,SFN001,ACFE036,ACSP005,SFN002,ACFE037,ACSP006,SFN003,SST028,ACSP007,LMC028,SFN004,SST029
ACSP008,LMC029,SFN005,SST026,ACSP009,SFN006,SUM003,SFN007,LMC024,SFN008,LMC025,SFN009,LMC027,LMC031,LMC032,SST040,LMC033,SST041
LMC034,SEL021,SEL020,SEL023,SEL022,LMC030,ACSP010,ACSP011,ACSP012,ACSP013,ACSP014,ACSP015,ACSP016,ACSP017,SST039,ACSP018,ACSP019,SST037
SST038,OSH021,ACFE010,OSH020,ACFE011,OSH023,OSH022,OSH024,ACFE016,ACFE017,ACFE018,ACFE019,ACFE012,ACFE013,ACFE014,ACFE015,ACCU037,ACFE020
ACFE021,ACFE022,ACFE027,ACFE028,ACFE023,ACFE024,ACFE025,ACFE026,ACFE005,ACFE006,ACFE007,ACFE008,ACFE001,ACFE002,ACFE003,ACFE004,ACFE009,PHU002
PHU001,PHU004,PHU003,PFF028,PHU005,PFF026,PFF027,PFF024,PFF025,PFF022,PFF023,PFF020,PFF021,PFF019,PFF017,PFF018,PFF015,PFF016
PFF013,PFF014,PFF011,PFF012,PFF010,ACMO003,SHN002,ACMO002,SHN001,ACMO001,SHN004,SHN003,OSH001,OSH003,OSH002,OSH005,OSH004,OSH007
OSH006,OSH009,OSH008,PFF008,PFF009,PFF006,PFF007,PFF004,ACMO005,PFF005,ACMO004,PFF002,PFF003,PFF001,SCO028,SCO027,SCO026,SCO025
SCO024,SCO023,SCO022,SCO021,OSH010,OSH012,OSH011,OSH014,OSH013,OSH016,OSH015,OSH018,OSH017,OSH019,SCO020,OWA008,ERO022,OWA007
ERO023,OWA006,ERO020,OWA005,ERO021,OWA004,OWA003,OWA002,OWA001,ERO028,ERO029,ERO026,ERO027,ERO024,ERO025,ERO011,ERO012,ERO010
ERO019,ERO017,ERO018,ERO015,ERO016,ERO013,ERO014,OWA022,OWA021,OWA020,ERO001,OWA025,OWA024,OWA023,ERO008,ERO009,ERO006,ERO007
ERO004,ERO005,ERO002,ERO003,OWA011,ORF005,EHC004,OWA010,ORF006,EHC005,ORF003,EHC006,ORF004,EHC007,EHC001,EHC002,EHC003,OWA019
FLL003,OWA018,FLL002,OWA017,FLL005,OWA016,FLL004,OWA015,OWA014,OWA013,FLL001,OWA012,OWA009,ORF001,ORF002,LRE002,ACPP008,PIC012
LRE001,ACPP009,PIC011,ACPP006,PIC010,ACPP007,LRE006,ACPP004,LRE005,LAL009,ACGM019,ACPP005,LRE004,LAL008,ACPP002,LRE003,LAL007,ACPP003
ETT002,LRE009,ETT001,LRE008,PIC018,ETT004,LRE007,PIC017,ETT003,PIC016,OFF026,OFF025,PIC014,PIC013,OFF027,LPL024,LPL025,LPL022
ACGM010,LPL023,LPL028,ETT006,LPL029,ETT005,LPL026,LPL027,LAL017,ACGM016,LAL016,ACGM015,ACPP001,LAL015,ACGM018,LAL014,ACGM017,LPL020
LAL013,ACGM012,LPL021,LAL012,LAL011,ACGM014,LAL010,ACGM013,LRE013,ACPP019,PIC001,LRE012,LRE011,ACPP017,LRE010,ACPP018,LRE017,ACPP015
LRE016,ACPP016,LRE015,ACPP013,LRE014,ACPP014,PIC009,PIC008,LRE019,LPL019,PIC007,LRE018,PIC006,PIC005,PIC004,PIC003,PIC002,LPL013
LPL014,LPL011,ACGM021,LPL012,ACGM020,LPL017,LPL018,LPL015,LPL016,LAL006,ACGM027,ACPP011,LAL005,ACGM026,ACPP012,LAL004,ACGM029,LAL003
ACGM028,ACPP010,LAL002,ACGM023,LPL010,LAL001,ACGM022,ACGM025,ACGM024,OFF008,OFF007,OFF009,OFF002,OFF001,SPL010,OFF004,SPL011,OFF003
OFF006,OFF005,OFF019,OFF018,ACGM009,SPL007,SPL008,SPL009,SPL003,OFF011,SPL004,OFF010,SPL005,SPL006,OFF012,OFF015,SPL001,OFF017
SPL002,OFF016,LPL035,LPL033,LPL034,ACGM004,ACGM007,LPL031,ACGM001,LPL032,ACGM003,LPL030,ACGM002,SAA021,SAA022,SAA023,SAA024,SAA020
SAA018,LTT002,SAA019,LTT003,LTT001,SAA014,SAA015,SAA016,SAA017,LTT008,LTT009,LTT006,LTT007,LTT004,LTT005,LRE024,LRE023,LRE022
ACPP028,LRE021,ACPP029,LRE028,ACPP026,LRE027,ACPP027,LRE026,ACPP024,LRE025,LAL029,ACPP025,SAA001,LRE029,SAA002,LAL031,SFR001,LAL030
SFR002,SFR005,SFR006,SFR003,SFR004,ACPP022,SFR009,ACPP023,ACPP020,SFR007,ACPP021,SFR008,LRE020,LAL034,LAL033,LAL032,LAL019,ACPP035
LAL018,ACPP036,SAA010,SAA011,SAA012,SAA013,SAA007,LAL020,SAA008,SAA009,SAA003,SAA004,SAA005,SAA006,LAL028,ACPP033,LAL027,ACPP034
LAL026,ACPP031,LAL025,ACPP032,LRE031,LAL024,LRE030,LAL023,ACPP030,LAL022,LAL021,EEE021,EPP021,LBU029,EEE022,EPP022,EEE020,EPP020
EPP025,EPP026,EPP023,EPP024,LBU022,SAS009,LBU021,LBU024,LBU023,LBU026,SAS005,LBU025,SAS006,LBU028,LBU027,LCA019,SAS001,ACEM003
SAS002,ACEM002,LCA017,SAS003,ACEM005,LCA018,SAS004,ACEM004,LCA015,LCA016,ACEM006,LBU020,LCA013,LCA014,LCA011,EPP029,LCA012,EPP027
LCA010,EPP028,ACEM001,LBU019,EEE010,LBU018,EEE011,EEE014,EEE015,EEE012,EEE013,LBU011,LBU010,LBU013,LBU012,LBU015,SAS016,LBU014
SAS017,LBU017,SAS018,LBU016,SAS019,LCA008,SAS012,LCA009,SAS013,LCA006,LCA007,SAS015,LCA004,LCA005,LCA002,SAS010,LCA003,SAS011
EEE018,LCA001,EEE019,EEE016,EEE017,LBU008,LBU007,LBU009,EPP003,EPP004,EPP001,EPP002,LBU002,LBU001,LBU004,LBU003,LBU006,LBU005
PHE007,LTT024,ACEM025,PHE008,ACEM024,PHE005,LTT022,ACEM027,PHE006,LTT023,ACEM026,LTT020,ACEM029,LTT021,ACEM028,PHE009,EPP007,EPP008
EPP005,EPP006,PHE003,PHE004,ACEM020,PHE001,EPP009,LTT026,ACEM023,PHE002,LTT027,ACEM022,EPP010,EPP011,EPP014,EPP015,EPP012,EPP013
PHE018,LTT013,PHE019,LTT014,ACEM013,PHE016,LTT011,PHE017,LTT012,ACEM018,ACEM017,ACEM019,PHE010,EPP018,PHE011,EPP019,EPP016,LTT019
EPP017,PHE014,LTT017,PHE015,LTT018,PHE012,LTT015,ACEM012,PHE013,LTT016,ACMU008,ACMU009,ACMU006,ACMU004,ACMU005,ACMU002,ACMU003,ACMU001
ACGM052,SPP001,ACGM051,EWO009,SPP002,ACGM054,SFN020,ACGM053,SFN021,EWO006,SFN022,EWO005,SFN023,ACGM050,EWO008,SFN024,EWO007,SFN025
EWO002,SFN026,EWO001,SFN027,EWO004,EWO003,ACGM056,ACGM055,ACGM058,ACGM057,SFN010,SFN011,SFN012,SFN013,SFN014,SFN015,SFN016,SFN017
SFN018,SFN019,EEE003,EEE004,EEE001,EEE002,LBU044,LBU043,ACGM030,SAS023,SAS024,ACGM032,SAS025,ACGM031,LBU040,SAS020,LBU042,SAS021
LBU041,SAS022,ACGM038,EEE007,ACGM037,EEE008,LCA031,EEE005,LCA032,ACGM039,EEE006,ACGM034,EWO020,LCA030,ACGM033,ACGM036,EEE009,ACGM035
EWO021,LBU033,LBU032,LBU035,LBU034,ACMU010,LBU037,SPP005,SPP006,LBU039,SPP003,SPP004,ACGM041,ACGM040,LCA028,ACGM043,LCA029,ACGM042
LCA026,EWO017,LCA027,EWO016,LBU031,LCA024,EWO019,LBU030,LCA025,EWO018,LCA022,EWO013,LCA023,ACGM048,EWO012,LCA020,EWO015,LCA021
EWO014,ACGM045,ACGM044,ACGM047,EWO011,ACGM046,EWO010,OMA001,OMA002,LUN032,LUN033,LUN030,LUN031,LUN036,LUN037,LUN034,LUN035,LVE029
LUN038,LUN039,LVE025,LVE026,LVE027,LVE028,OMA005,LVE021,OMA006,LVE022,OMA003,PMO001,LVE023,OMA004,LVE024,OMA009,OMA007,OMA008
LVE020,LUN040,LUN041,LUN042,OEV003,OEV002,OEV001,OEV007,OEV006,OEV005,OEV004,LVE032,ORR021,LVE033,LVE034,LVE035,LVE030,LVE031
OMA020,OMW010,OMW011,OMA023,OMA024,OMA021,OMA022,ORR020,HEV002,OMW016,HEV001,OMW017,HEV004,OMW018,HEV003,OMW019,HEV006,OMW012
HEV005,OMW013,HEV008,OMW014,HEV007,OMW015,ORR018,ORR019,OMW009,OMA027,ORR010,OMA028,OMA025,ORR012,OMA026,ORR013,ORR014,ORR015
OMA029,ORR016,OMA012,OMA013,OMA010,OMA011,OMW005,OMW006,OMW007,OMW008,OMW001,OMW002,OMW003,OMW004,ORR007,ORR008,ORR009,MYSC004
OMA016,MYSC003,OMA017,MYSC002,OMA014,MYSC001,ORR001,PLB001,OMA015,ORR002,ORR003,PLB003,ORR004,PLB002,OMA018,ORR005,PLB005,OMA019
ORR006,PLB004,FHI002,FHI001,FHI006,FHI005,FHI004,FHI003,ACWS022,ACWS023,ACWS020,ACWS021,SGM009,PHE029,SGM018,SGM019,PHE027,SGM016
ESY006,PHE028,SGM017,ESY005,ESY008,SGM015,ESY007,SGM012,SGM013,ESY009,PHE021,SGM010,PHE022,SGM011,PHE020,FHI007,PHE025,PHE026
PHE023,ESY002,PHE024,ESY001,OMA030,ACWS019,OMA031,ACWS017,ACWS018,OMA034,OMA035,OMA032,OMA033,ACWS011,ACWS012,ACWS010,LUN003,ACWS015
LUN004,ACWS016,LUN001,ACWS013,LUN002,ACWS014,SGM007,LUN007,LUN008,LUN005,SGM006,LUN006,SGM004,LUN009,SGM002,PHE032,PHE030,ACEM030
PHE031,ACEM032,ACEM031,LUN010,OFI037,LUN011,OFI036,OFI035,LUN014,LUN015,LUN012,OFI039,LUN013,MYLO001,OFI041,LVE007,LUN018,MYLO002
OFI040,LVE008,LUN019,LVE009,LUN016,LUN017,LVE003,LVE004,MYLO003,LVE005,OFI042,LVE006,SGM032,SGM033,LVE001,SGM030,LVE002,SGM031
LUN021,LUN022,LUN020,LUN025,LUN026,LUN023,LUN024,LVE018,SGM029,LUN029,LVE019,SGM027,LUN027,SGM028,LUN028,LVE014,SGM025,LVE015
SGM026,LVE016,SGM023,LVE017,SGM024,LVE010,SGM021,LVE011,SGM022,LVE012,LVE013,SGM020,ACHA018,ACHA016,ACHA017,ACHA014,ACHA015,ACHA012
OBI001,ACHA013,ACMY004,ACHA010,ACMY003,ACHA011,ACMY002,OBI004,ACMY001,OBI005,OBI002,OBI003,SSC006,SSC005,SSC004,ACAM001,SSC003,ACAM003
ACAM002,SSC008,ACAM005,SSC007,ACAM004,OBI011,ACAM007,OBI012,ACAM006,OBI010,ACAM008,OBI015,OBI016,OBI013,OBI014,OBI008,OBI009,OBI006
OBI007,SSC002,SSC001,ACWS008,ACWS009,ACWS006,ACWS007,OBI022,OBI023,ACWS001,OBI020,OBI021,OBI026,OBI027,OBI024,ACWS002,OBI025,ACWS003
OBI019,OBI017,OBI018,ACHA009,ACHA007,ACHA008,ACHA005,ACHA006,ACHA003,ACHA004,ACHA001,OBI028,LDG009,LDG008,LDG007,LDG006,STE020,LDG005
STE021,LDG004,LDG003,LDG002,STE024,LDG001,STE025,STE022,STE023,STE026,PMO028,PMO025,PMO024,LDG019,PMO027,LDG018,PMO026,LDG017
LDG016,STE010,LDG015,LDG014,LDG013,STE013,LDG012,STE014,LDG011,STE011,LDG010,STE012,LDG020,STE017,STE018,STE015,STE016,STE019
PMO018,SIB001,PMO017,SIB003,PMO019,SIB002,PMO014,PMO013,PMO016,PMO015,SIB009,LDG027,SIB008,LDG026,LPL008,LDG025,LPL009,LDG024
STE002,SIB005,LDG023,STE003,SIB004,LDG022,SIB007,LDG021,STE001,SIB006,STE006,LPL002,STE007,LPL003,STE004,STE005,LPL001,LPL006
LPL007,STE008,LPL004,STE009,LPL005,PMO021,PMO020,PMO023,PMO022,PMO007,PMO006,PMO009,PMO008,PMO003,PMO002,PMO005,SIB010,PMO004
PMO010,PMO012,PMO011,SDD025,SDD026,SDD027,SDD028,SDD029,LBB021,LBB020,LBB023,LBB022,EAM001,LBB025,EAM002,EWW040,LBB024,EWW041
LBB027,LBB026,LBB029,SDD030,LBB028,SDD031,SDD032,EWW038,EWW039,SWA007,ACRH006,SWA008,LBB010,SWA005,ACRH004,SWA006,ACRH005,LBB012
ACRH002,LBB011,ACRH003,LBB014,SWA009,LBB013,ACRH001,EWW030,LBB016,EWW031,LBB015,EWW032,LBB018,EWW033,LBB017,EWW034,SWA003,EWW035
LBB019,SWA004,EWW036,SWA001,EWW037,SWA002,ECF007,ACTA006,ECF006,ACTA005,ECF005,ACTA004,ECF004,ACTA003,ECF003,ACTA002,ECF002,ACTA001
ECF001,SLP001,ACTA009,SLP002,ACTA008,ACTA007,SWA019,SWA016,SWA017,LBB001,LBB003,LBB002,LBB005,SWA010,LBB004,LBB007,LBB006,LBB009
SWA014,LBB008,SWA015,SWA012,ECF009,SWA013,ECF008,ECF018,ACTA017,ECF017,ACTA016,ECF016,ACTA015,ECF015,ACTA014,ECF014,ACTA013,ECF013
ECF012,ACTA011,ECF011,ACTA010,ECF010,ACTA019,ACTA018,SWA027,SWA028,SWA021,ACTA020,SWA022,SWA020,SWA025,SWA026,SWA023,SWA024,ECF019
EWW005,EWW006,EWW007,EWW008,EWW009,ELT001,ELT002,ELT003,ELT009,EWW001,EWW002,EWW003,EWW004,ELT008,ESS018,ESS019,ESS016,ELT010
ELT011,ESS014,ESS015,ESS012,ESS013,ESS010,ESS011,SDD001,SDD002,EWW027,SDD003,EWW028,SDD004,EWW029,SDD005,ESS009,SDD006,SDD007
ESS007,SDD008,ESS008,SDD009,ESS005,ESS006,ACNO004,ACNO003,ACNO006,ACNO005,ACNO008,ACNO007,ACNO009,ACNO002,ACNO001,ESS003,EWW020,ESS004
EWW021,ESS001,EWW022,ESS002,EWW023,SDD010,EWW024,SDD011,EWW025,SDD012,EWW026,SDD013,EWW016,SDD014,EWW017,SDD015,EWW018,SDD016
EWW019,SDD017,SDD018,SDD019,ACFU004,ACFU003,ACFU002,ACFU001,ACFU006,ACFU005,LBB030,ACAZ002,ACAZ001,LBB031,ACAZ009,EWW010,ACAZ008,EWW011
SDD020,EWW012,SDD021,ACAZ006,EWW013,SDD022,ACAZ005,EWW014,SDD023,ACAZ004,EWW015,SDD024,ACAZ003,EDO001,EDO003,EDO002,SSS001,EDO005
SSS002,EDO004,EDO007,EDO006,EDO009,EDO008,SFO030,OCP002,SFO031,OCP003,OCP008,OCP009,OCP004,OCP005,OCP006,EDO010,OCP007,OCE011
OCE010,SSS012,SSS013,SSS010,SSS011,SFO021,SFO020,LBI047,SFO023,SFO022,SFO025,OCE009,SFO024,SSS005,OCE008,SFO027,SSS006,OCE007
SFO026,SSS003,OCE006,SFO029,SSS004,OCE005,SFO028,SSS009,OCE004,OCE003,SSS007,OCE002,SSS008,OCE001,OCE022,OCE021,EDO022,OCE020
LBI043,LBI044,LBI045,LBI046,LBI040,LBI041,LBI042,OCP022,OCP023,OCP025,LBI036,LBI037,LBI038,OCP020,LBI039,OCP021,OCE019,MYSP005
OCE018,OCE017,OCE016,MYSP002,OCE015,OCP026,MYSP001,OCE014,OCP027,MYSP004,OCE013,OCP028,MYSP003,OCE012,OCP029,EDO012,EDO011,EDO014
EDO013,EDO016,EDO015,EDO018,EDO017,LBI032,LBI033,EDO019,LBI034,LBI035,LBI030,LBI031,LBI029,OCP011,OCP012,OCP013,OCP014,LBI025
LBI026,LBI027,LBI028,OCP010,OCP019,OCE026,OCP015,OCE025,OCP016,OCE024,OCP017,EDO021,OCE023,OCP018,EDO020,SNB003,SNB004,SNB005
SNB006,SNB001,SNB002,SNB007,SNB008,SNB009,SNB014,SNB015,SNB016,MYSE001,SNB017,MYSE002,SNB010,MYSE003,SNB011,MYSE004,SNB012,MYSE005
SNB013,SNB018,SNB019,SNB025,SSS020,SNB026,EHH009,SSS023,SNB021,EHH007,SSS024,SNB022,EHH008,SSS021,SNB023,EHH005,SSS022,SNB024
EHH006,SOD009,SOD008,SNB020,SOD003,SOD002,SOD001,SFO010,SOD007,SFO012,SOD006,SFO011,SOD005,SFO014,SOD004,SFO013,SSS016,SFO016
EHH003,SSS017,SFO015,EHH004,SSS014,SFO018,EHH001,SSS015,SFO017,EHH002,SFO019,SSS018,SSS019,SSS030,SSS031,EHH018,EHH019,SSS032
EHH016,SSS033,EHH017,SOD019,SOD014,SOD013,SOD012,SOD011,SOD018,SFO001,SOD017,SOD016,SFO003,SOD015,SFO002,SSS027,SFO005,EHH014
SSS028,SFO004,EHH015,SSS025,SFO007,EHH012,SSS026,SFO006,EHH013,SOD010,SFO009,EHH010,SFO008,EHH011,SSS029,LMA060,FSP002,FSP001
LPR007,LPR006,LPR009,LPR008,LPR003,FSP004,LPR002,FSP003,LPR005,FSP006,LPR004,FSP005,FSP008,FSP007,LPR001,FSP009,FSE004,FSE005
FSE006,FSE007,FSE001,FSE002,FSE003,LPR029,LPR028,LPR025,LPR024,LPR027,LPR026,LPR021,LPR020,LPR023,LPR022,LPR018,LPR017,LPR019
LPR014,LPR013,LPR016,LPR015,LPR010,LPR012,LPR011,SPI007,SPI006,ACAL020,SPI005,SPI004,ACAL022,ACAL023,ACPH001,ACAL024,SPI009,ACAL025
SPI008,ACAL026,ACPH004,ACNO026,ACAL027,ACPH005,ACNO025,ACAL028,ACPH002,ACNO028,ACAL029,ACPH003,ACNO027,ACPH008,SPI003,ACPH009,SPI002,ACNO029
ACPH006,SPI001,ACPH007,ACNO020,ACNO022,ACNO021,ACNO024,ACNO023,ACAL030,ACAL031,ACAL032,ACAL033,ACPH011,ACAL034,ACPH012,ACAL035,ACAL036,ACPH010
ACAL037,ACPH015,ACNO015,ACAL038,ACNO014,ACAL039,ACPH013,ACNO017,ACPH014,ACNO016,ACNO019,ACNO018,ACNO011,ACNO010,CEV001,ACNO013,ACNO012,ACIM012
ACIM010,ACIM013,ACIM014,SPI029,SPI028,ACIM009,SPI026,SPI021,SPI020,SPI025,SPI024,SPI022,ACNO040,ACNO042,ACNO041,ACIM001,ACIM002,SPI018
SPI017,SPI016,SPI015,LHY001,LHY002,LHY003,SPI019,LHY004,SPI010,LHY005,ACNO037,LHY006,ACNO036,ACNO039,ACNO038,SPI014,SPI013,SPI012
SPI011,ACNO031,ACNO030,ACNO033,ACNO032,ACNO035,ACNO034,ECF025,ECF024,ECF023,ECF022,ACTA021,ECF021,ECF020,SPI030,EJP023,EJP024,EJP021
EJP022,EJP020,EAF001,EAF004,EAF002,EAF003,EJP027,EJP025,EJP026,ACAL001,ACAL002,ACAL003,ACAL004,ACAL005,ACAL006,ACAL007,ACAL008,ACAL009
EJP012,EJP013,EJP010,EJP011,EJP018,EJP019,EJP016,EJP017,EJP014,EJP015,ACAL010,ACAL011,ACAL012,ACAL013,ACAL014,ACAL015,ACAL016,ACAL017
ACAL018,ACAL019,EJP001,EJP002,EJP009,EJP007,EJP008,EJP005,EJP006,EJP003,EJP004