ACAL014,ACAM001,ACAM005,LDG003,LHY005,OEV003,OEV007,OFF003,OFF009,OFF015,OFF019,OFI018,OMA007,POM009,SCO005,SNV003,SNV037,SSS001
ACPP002,EHH007,EWO018,LCA006,LMA021,LPL027,LUN010,ODE005,OMA016,OWA008,PAN006,POM005,POM007,SAA018,SAS019,SLP001,SRR019,SSS001
ACGM013,ERO008,ERO014,LAL022,LAM001,LBI036,LDG003,OFF010,OFI028,PHE031,PIC003,POM005,POM009,SCO009,SCO014,SSS031,STE026,SWA022
ACAL014,ACAM001,LDG003,OEV003,OEV007,OFF003,OFF009,OFF010,OFF015,OFF019,OFI018,OWA024,PHE017,PIC006,POM009,SCO005,SNV037,SSS001
ACAL025,ACIM002,ACSP022,EOW009,LBU003,LCC009,LMA038,LPR019,LPR020,OMA025,OMA027,ORE003,OSH021,PFF004,PFF020,PIC009,POM011,SNV018
ACGM040,EEE004,EJP026,EPP016,LCA004,OCE019,OFF001,OFF009,SCO013,SCO027,SGD006,SME008,SSS001,SSS018,SSS031,SST032,STE006,SWA013
ACPP002,EHH007,EWO018,LCA006,LMA021,LPL027,LUN010,ODE005,OMA016,OWA008,PAN006,PCA032,POM005,POM007,SAA018,SEL017,SLP001,SSS001
ACAZ003,ACFE010,ACFE012,ACPH014,EMM029,FPA007,LBU006,LDG022,LEV006,LPL027,OFF001,OMA030,SBB001,SGM032,SLP001,SPI029,SST014,STR023
EJP027,LAL022,LAM008,LBI034,LBI042,LBU033,LHY006,MYSE001,PCA008,PFF008,PIC003,POM001,SAA009,SBB009,SCO001,SCO005,SCO009,SMT002
ACSP022,EOW009,LBU003,LCC009,LMA006,LMA032,LPR027,LTT006,OMA025,OMA028,ORE003,OSH021,PFF020,PIC009,PIC014,SAS011,SNV018,SSS011
EEE002,EEE020,EMM024,LAM011,LCC017,LMA026,LPL004,OCE019,PAN017,PCA014,POM005,SCC006,SFO001,SFO009,SFO012,SGD011,SNV010,STR020
ACAL033,ACNO035,ACOO015,ERO014,ERO034,LAM001,LDG003,PIC003,PMO028,POM001,POM009,POM011,POM013,SCO014,SEN021,SGM012,SOD006,STE026
ACPH010,ACPP013,ECF016,ERO014,LAM001,LBI013,LDG003,OFF010,OFI028,PIC003,POM001,POM009,POM011,SCO009,SCO014,SGM012,SOD006,STE026
ACGM013,ERO008,ERO014,LAM001,LDG003,OFF010,OFI028,PHE031,PIC003,POM005,POM009,POM021,SCO009,SCO014,SOD029,SSS031,STE026,SWA022
ACCU012,ACEV006,ACGM040,EJP026,LUN036,LVE014,OFF001,OFI008,OFI017,SCO027,SGD006,SME008,SNB010,SSS001,SSS018,SSS031,STE006,SWA013
ACIM002,ACSP022,EOW009,LBU003,LCC009,LMA006,LMA032,OMA025,OMA028,ORE003,OSH021,PFF006,PFF020,PIC009,PIC014,SAS011,SNV018,SSS011
ACEV003,ACGD008,EMM013,ERO005,LAM001,LAM004,LVE002,OCP014,OFI031,OMA028,OWA003,OWA008,SDD008,SDD023,SGM032,SNV018,SOD017,SWA003
ACAM008,ACIM002,ACSP022,EOW009,LBU003,LCC009,LMA038,LPR019,LPR020,OMA025,OMA027,ORE003,PFF004,PFF020,PIC009,POM011,SEN010,SNV018
ACIM002,ACSP022,EOW009,LBU003,LCC009,LMA006,LTT006,MYHI003,OMA025,OMA027,OMA028,ORE003,OSH021,PFF020,PIC014,SAS011,SNV018,STE001
ACAL015,ACGD014,ACPY005,ACWS001,ACWS013,ACWS019,EAG006,EBT006,ERO012,EWW011,ODE012,SCO002,SCO014,SCO025,SEL016,SRR014,SSS008,STE023
ACAL014,ACAM001,LDG003,LHY005,OEV007,OFF003,OFF009,OFF015,OFF019,OFI018,OMA007,PHE017,POM009,SCO005,SGM006,SNV003,SNV037,SSS001
ACCU023,ACGM023,ACPP035,EOW003,LCC010,LHY005,LHY006,OBI021,OEV003,OFF004,OFF009,OFF010,OFF011,PLB004,POM018,SCO009,SNV039,SSS001
ACIM002,EOW009,LBU003,LCC009,LMA006,LMA032,LTT006,OMA025,OMA028,ORE003,OSH021,PFF020,PIC009,PIC014,SAS011,SNV018,SSS011,STE019
ACCU004,ACEV006,ACGM040,EJP026,LUN036,LVE014,OFF001,OFI017,SCO027,SGD006,SME008,SNB010,SSS001,SSS018,SSS031,SST032,STE006,SWA013
ACIM002,ACSP022,LBU003,LCC009,LMA006,LMA032,LTT006,OMA025,OMA027,ORE003,OSH021,PFF008,PFF020,PIC004,PIC009,PIC014,SAS011,SNV018
EJF006,ERO014,LAL005,LBI013,LDG003,OFI028,PIC003,POM009,POM011,POM013,SAA001,SCO005,SGM012,SNB001,SOD006,SPI021,STE026,SWA022
ACAL014,ACCU005,ACCU031,ACNO013,ACPP035,EOW003,LAL009,LAL020,LHY005,OEV007,OFF010,OFI018,PIC003,POM007,POM011,SCO009,SDD023,SSS001
ACEV006,ACGM040,EJP026,LVE014,OFF001,OFF009,OFI008,OMA016,SGD006,SME008,SNB010,SSS001,SSS003,SSS018,SSS031,SST032,STE006,SWA013
ACOO015,ERO014,ERO034,LBU033,LDG003,OFI028,PMO013,PMO028,POM001,POM009,POM011,POM013,POM017,SCO009,SCO014,SGM012,SOD006,SWA022
ACAL014,ACCU019,LBI013,LDG003,LHY001,LHY006,OFF001,OFF003,OFF009,OFF011,OFI028,SCO007,SCO009,SGD018,SSS001,SST029,SST033,STE005
ACPP035,EHH007,LCA014,LCC010,LHY005,LMA003,LMC025,OEV003,OFF007,OFF009,OFF010,OFF016,OFI018,PIC003,SCO005,SCO009,SOD029,SSS001
ACPY004,ACSP007,ERO014,LAL005,LBI013,LDG003,OFI028,PIC003,POM009,POM011,SAA001,SCO005,SGM012,SNB001,SOD006,SPI021,STE026,SWA022
ACCU030,ACGM045,EDO003,EES008,EPP019,LCC010,LCC015,LRE001,OEV003,OFF010,PIC003,POM007,POM013,SCO005,SCO007,SCO009,SNV039,SSS001
ACFE010,ACFE012,ACPH014,EMM024,FPA007,LBU006,LCA021,LDG010,OFF001,OMA030,OSH013,PCA005,POM003,SBB001,SCO007,SGM032,SLP001,SST014
ACFE022,EDO003,EES008,EPP019,LCC010,LCC015,LHY001,LRE001,OEV003,OFF010,PIC003,POM007,POM013,SCO005,SCO007,SCO009,SNV039,SSS001
ACPH010,ACPP013,LAM001,LDG003,LTT015,OFF010,OFI028,PIC003,POM001,POM009,SCO009,SCO014,SDD009,SDD016,SGM012,SOD006,STE026,SWA022
ACIM002,ACSP022,EOW009,FPA006,LBU003,LCC009,LPR020,OMA025,OMA027,OSH021,PFF017,PFF020,PIC003,PIC009,PIC014,PMO028,SAS011,SNV018
ACCU022,ACFE010,ACFE012,ACPH014,EMM029,FPA007,LBU006,LDG010,LDG022,LEV006,OFF001,OMA030,OSH013,SBB001,SLP001,SOD023,SST014,SWA017
ACAL014,ACAM001,LDG003,LHY005,OEV003,OEV007,OFF003,OFF009,OFF015,OFI018,OMA014,PCA002,PHE001,PIC006,POM009,SCO005,SNV037,SSS001
ACAZ003,ACFE010,ACFE012,ACPH014,FPA007,LBU006,LDG010,LDG022,LEV006,LPL027,LUN026,OFF001,OMA030,SBB001,SBB016,SGM032,SPI029,SST014
ACAL014,ACCU019,LBI013,LDG003,LHY001,LHY006,OFF001,OFF003,OFF009,OFF011,OFF016,OFI028,SCO007,SCO009,SSS001,SST033,STE005,STR009
ACNO019,ACPP005,EEG009,EEG027,EES009,EJP002,EJP005,ESY008,LAM015,LPL012,LPL027,OBI010,OMW003,PMO021,SCO021,SDD021,SEL010,SSS011
ACAL014,ACCU031,ACPP035,EEE002,EOW003,LAL009,LAL020,LCC010,LHY005,OEV007,OFF010,OFI018,PIC003,POM007,POM011,SCO009,SDD023,SSS001
ACAL014,LBI013,LCA009,LDG003,LHY006,OFF003,OFF009,OFF011,OFI028,SCO007,SCO009,SEN013,SFO001,SFO010,SFO025,SNV016,SSS001,STR009
ACGM045,EDO003,EES008,EPP019,LCC010,LHY001,LHY006,LRE001,OEV003,OFF010,OFI018,PIC003,POM013,SCO005,SCO007,SCO009,SGM021,SNV039
ACAL014,LAM001,LBI013,LCA009,LDG003,LHY001,LHY006,OFF001,OFF003,OFF009,OFF011,OFI028,PAN022,SCO005,SCO007,SCO009,SFO025,SST029
ACPP008,EJP027,LAL022,LBI034,LBU033,LHY006,LMA014,LPR004,MYSE001,OFF010,PAN030,PFF008,PIC003,POM001,POM017,SCO005,SCO009,SEN021
ACEV006,ACGM040,EJP026,ERO011,LVE014,OFF001,OFF009,OFI008,SCO027,SGD006,SME008,SNB010,SSS003,SSS018,SSS031,SST032,STE006,SWA013
ACSP007,ERO014,EWW036,LAL005,LBI013,LDG003,OFI028,PIC003,POM009,POM011,POM013,SAA001,SCO005,SGM012,SNB001,SPI021,STE026,SWA022
ACCU023,ACCU030,ACGM023,ACPP035,EOW003,LCC010,LHY005,LHY006,OBI021,OEV003,OFF004,OFF009,OFF010,PIC003,PLB004,SCO009,SNV039,SSS001
ACAL013,ACIM002,ACSP022,EOW009,LBB011,LBU003,LCC009,LMA038,LPR020,OMA025,OMA027,ORE003,OSH021,PFF004,PFF020,PIC009,POM011,SNV018
ACGM013,ERO014,LAM001,LBI036,LDG003,OFF010,OFI028,PHE031,PIC003,POM005,POM009,SCO009,SCO014,SCO023,SOD029,SSS031,STE026,SWA022
ACGM045,EDO003,EES008,EPP019,LCC010,LHY001,LRE001,OEV003,OFF010,OSH006,PIC003,POM007,POM013,SCO005,SCO007,SCO009,SNV039,SSS001
EMM013,EMM022,LAM004,LPR008,OBI014,OMA001,OMA004,OMA024,OMA027,OMA028,OSH021,PIC012,PIC016,SCC001,SDD023,SOD017,SPL003,SWA003
ACIM002,ACSP022,EMM013,EOW009,LBU003,LCC009,LPR020,LPR022,LTT006,OMA025,OMA027,OMA028,PFF020,PHE005,PIC003,PIC009,PIC014,SAS011
ACIM002,ACSP022,EMM013,EOW009,LBU003,LCC009,LPR020,LPR022,OMA025,OMA027,OMA028,PFF020,PIC003,PIC009,PIC014,POM021,SAS011,SNV018
ACIM002,EOW009,LBU003,LCC009,LPR020,LTT006,OMA002,OMA025,OSH021,PAN017,PFF020,PIC003,PIC009,PIC014,PMO028,SAS011,SBB006,SNV018
ACMO003,ACPP035,EWO008,LCC010,OEV007,OFF009,OFF010,OMA022,ORR004,OWA006,PIC003,POM007,POM008,SCO007,SCO009,SNV039,SNV042,SSS001
ECF009,EJP027,ESS006,LAL022,LAM008,LBI034,LBU033,MYSE001,OMA013,PFF008,PIC003,POM001,SAA009,SBB009,SCO005,SCO009,SMT002,SWA009
ACGM045,EDO003,EES008,EPP019,LCC010,LHY001,LHY005,LRE001,OEV003,OFF010,OFI018,POM007,POM013,SCO005,SCO007,SCO009,SSS001,SST012
ACEV006,ACGM040,ACSP026,EJP003,LVE014,OFF001,OFF009,OFI008,OFI017,SCO027,SFN023,SGD006,SME008,SSS001,SSS031,SST032,STE006,SWA013
ACEV003,ACEV020,ERO005,LAM004,LEV003,LTT015,LVE002,OCP008,OMA028,OWA003,OWA008,PCA002,SDD008,SDD023,SNV018,SOD017,SPL003,SWA003
ACEV006,ACFE011,ACGM040,EJP003,LVE014,OFF001,OFI008,OFI017,PHE012,SCO027,SFN023,SGD006,SME008,SSS001,SSS031,SST032,STE006,SWA013
ACAL014,ACCU005,ACPP035,EOW003,LAL009,LAL020,LCC010,LHY005,LRE026,OEV007,OFF010,ORR010,POM001,POM007,POM011,SCO009,SDD023,SSS001
ERO011,ERO014,ERO033,LAL005,LAM001,LBI013,LBU005,LDG003,PIC003,POM001,POM009,SCO005,SCO009,SGM012,SIW006,SOD006,STE026,SWA022
ACAL015,ACPY005,ACWS001,ACWS013,ACWS019,EAG006,EBT006,ERO012,EWW011,ODE012,SCO002,SCO014,SCO025,SEL016,SFO019,SRR014,STE023,STR005
ACAL014,LAM014,LBI013,LDG003,LHY001,LHY006,OFF003,OFF009,OFF011,OFI028,SCO005,SCO009,SFO025,SMW005,SOD019,SSS001,SST029,STE005
ACPP034,EMM013,LAM004,LPR008,LVE002,OBI014,OMA001,OMA027,OMA028,OSH021,PIC012,PIC016,PMO014,SCC001,SDD023,SOD017,SPI020,SPL003
ACNO038,EEG005,EJP026,EWW011,LAL034,OCP002,OMW003,OSH013,OWA001,OWA008,OWA016,PAN008,PHE024,POM022,SCO001,SCO026,SGM021,SWA004
ACGD013,ACGD014,ACPY005,ACWS001,ACWS013,ACWS019,EAG006,EAG009,ERO012,ERO033,ERO036,LMC032,PHE022,SBB019,SCO002,SCO025,SEL016,STE023
ACCU031,ACGM023,ACPP035,EES021,LCC010,LHY005,LHY006,OBI005,OBI021,OEV003,OFF004,OFF010,PIC003,PLB004,POM018,SCO009,SNV039,SSS001
ACHA018,EMM022,EWW018,LAL034,LAM008,OCP002,OFI001,OMW003,OSH013,OWA001,OWA008,PAN008,PFF021,PHE024,SCO001,SCO002,SCO021,SST008
ACNO019,ACPP005,EEG009,EEG027,EES009,EJP002,ESY008,LAM015,LPL012,LPL027,OBI010,OMW003,PCA034,PIC009,PMO021,SEL010,SEL011,SSS011
ACGD012,EEG021,ERO014,LBI013,LDG003,OFI028,PIC003,POM001,POM009,POM011,POM013,SAA001,SCO005,SGM012,SNB001,SOD006,SPI021,STE026
EMM013,EMM022,LAM004,LPR008,LVE030,OBI014,OMA004,OMA027,OMA028,OSH021,PIC012,PIC016,SCC001,SDD023,SFN013,SOD017,SPL003,SWA003
ACCU031,ACGM023,ACPP035,EES021,EOW003,EOW023,LCC010,LHY005,LHY006,OBI021,OEV003,OFF004,OFF010,PLB004,POM018,SCO009,SNV039,SSS001
ACIM002,ACSP022,EEE007,EOW009,LBU003,LCC009,LMA006,LMA032,LTT006,OMA025,OMA028,ORE003,OSH021,PFF020,PIC009,PIC014,SAS011,SSS011
EMM013,ERO005,EWO019,FPA006,LAL024,LAM008,LMC012,LPR008,LTT006,LVE002,OFI031,ORE004,OWA008,OWA024,PIC016,SDD008,SDD023,SOD017
ACAL015,ACGD014,ACPY005,ACWS001,ACWS019,EAG006,EAG007,EBT006,ERO012,EWW011,ODE012,SBB019,SCO002,SCO025,SDD006,SEL016,SFO019,STE023
ACAL003,ACEV006,ACGM040,EJP026,LUN036,OFF001,OFI008,OFI017,SCO027,SGD006,SME008,SNB010,SSS001,SSS018,SSS031,SST032,STE006,SWA013
ACEV003,EAF003,ERO005,LAM001,LAM004,LTT015,LVE002,OFI031,OMA027,OWA003,OWA008,PCA002,SCO001,SDD008,SDD023,SNV018,SOD017,SWA003
ACGM045,EDO003,EES008,LCC010,LHY001,LRE001,OEV003,OFF004,OFF010,OFI018,PIC003,POM007,POM013,SCO005,SCO007,SCO009,SSS001,SST012
ACAZ005,ACNO019,ACPP005,EEG009,EEG027,EES009,EES013,EJP002,ESY008,LAM015,LPL012,LPL027,OBI010,OMW003,PIC009,PMO021,SEL011,SSS011
ECF009,EJP027,ESS006,LAL022,LAM008,LBI034,LBI042,LBU033,LHY006,PFF008,POM001,SAA009,SBB009,SCO005,SCO009,SEL011,SMT002,STR030
ERO014,ERO034,FPA007,LAM001,LBU033,LDG003,OFI028,OFI030,PIC003,PMO028,POM009,POM011,POM013,SCO009,SCO014,SGM012,SOD006,SWA022
EMM022,LAM004,LPR008,OBI014,OMA001,OMA004,OMA027,OMA028,OSH021,PIC012,PIC016,SCC001,SDD023,SEN013,SFN013,SOD017,SPL003,SWA003
ACAL033,ACCU006,ACOO015,ERO014,ERO034,LAM001,LDG003,PIC003,PMO028,POM001,POM009,POM011,POM013,SCO014,SEN021,SGM012,SOD006,STE026
ACAZ002,ACAZ004,ACFE010,ACFE012,ACPH014,EES016,EMM009,EMM029,LBU006,LPL019,LPL024,LPL027,LPR012,OSH013,PLB005,SOD013,SOD020,SPI029
ACGM045,EDO003,EES008,EPP019,LCC010,LCC015,LHY001,LRE001,OEV003,OFF010,PIC003,PLB005,POM007,POM013,SCO005,SCO007,SNV039,SSS001
ACGM040,EEE004,EJP026,LCA004,LDG014,OCE019,OFF001,OFF009,SCO013,SCO027,SGD006,SME008,SSS001,SSS018,SSS031,SST032,STE006,SWA013
ACFE010,ACNO006,ACSP029,LCA004,LDG006,LMA026,LMA032,LPL027,OFI010,OMA012,PHE012,PLB005,POM003,SCO026,SIW002,SLP001,SST014,SWA009
ACAZ002,ACAZ004,ACFE010,ACFE012,EES016,EMM029,LBU006,LPL005,LPL019,LPL024,LPL027,LPR012,OSH013,PLB005,SLP001,SOD013,SOD020,SPI029
ACEV003,ERO005,ERO028,LAM001,LAM004,LTT015,LVE002,OMA027,OWA003,OWA008,PCA002,SCO001,SDD008,SDD023,SNV018,SOD017,SPL003,SWA003
ACAL014,ACCU005,ACPP035,EOW003,LAL008,LAL009,LAL020,LCC010,LHY005,OEV007,OFF010,OFI018,PIC003,POM007,POM011,SCO009,SDD023,SSS001
ACEV003,ACGD008,ACPH004,EMM013,LAM001,LAM004,LTT015,LVE002,OFI031,OMA028,ORR009,OWA003,OWA008,SDD008,SDD023,SNV018,SOD017,SPL003
ACIM002,EEG027,EOW009,LBU003,LCC009,LPR008,LPR014,LPR020,LTT006,OMA025,OMA027,OSH021,PFF020,PIC003,PIC009,PIC014,PMO028,SAS011
ERO011,ERO014,LAL005,LAM001,LBI013,LCA014,LDG003,LUN016,OFI028,POM001,POM009,POM011,SCO005,SCO009,SGM012,SOD006,SOD021,SWA022
ACFE010,ACNO006,LCA004,LDG006,LMA026,LMA032,LPL027,OFI010,OMA012,PHE012,PLB005,POM003,SCC001,SCO026,SIW002,SLP001,SST014,SWA022
ECF009,EES016,EJP027,LAL022,LAM008,LBI034,LBU033,LHY006,MYSE001,PFF008,PIC003,POM001,SAA009,SBB009,SCO001,SCO005,SCO009,SMT002
ACFE010,ACFE012,ACPH014,EES016,EMM029,FPA007,LAL032,LBU006,LEV006,LPL027,LPL031,OEV003,OFF001,SEL003,SGM032,SLP001,SPI029,SST014
