ACGM045,ACSP029,ACWS018,EOW016,EPP010,LAL029,LAM001,LCA012,LDG023,LEV001,LMA038,LMA045,LRE010,PAN030,SAS019,SCO011,SMW018,SNB015
ACCU033,ACOO012,EEE002,EWW008,FPA007,LCA016,LDG005,LEV002,LRE031,LVE002,LVE018,ODE028,OFF003,OFI021,OMA011,PFF017,PIC003,SMW011
ACAL033,ACNO032,EBT006,LCA015,LRE026,LVE022,ORR013,OSH001,PHE007,POM023,SAA004,SFO026,SIW005,SMA006,SRR006,SSC002,SSS003,STE012
ACEM032,ACEV020,ACGM037,ACNO002,ACNO028,EOW010,EPP010,EWO013,LAL034,LMA026,OFI001,OFI008,OMA027,SBB016,SMA004,SMA015,SNV012,SOD001
ACMO002,ACMU008,ACNO038,ACOO016,ACSP006,ACSP026,EEE020,EEG026,FSP006,LCA015,LDG001,LHY005,LRE002,OEV001,OMA007,PAN006,SMW008,SRR010
ACGM027,ACHA018,EEE018,EES021,EJF008,EWO020,FPA007,LBU033,LDG005,LDG017,LMA002,LRE007,MYHI001,PHE003,SEL005,SGD018,SOD033,STE011
ACAL004,ACCU019,ACGM001,ACSP005,EEG010,EHC003,EJP002,EJP012,EPP014,LAM020,LAM026,LMA023,LPL027,LVE007,OFI017,SAA012,SHN004,SSC006
ERO020,ERO042,ESS002,LAL034,LDG006,LVE026,OCE012,ODE011,OFI016,PHE029,PIC006,SAS005,SBB015,SCO013,SEN001,SGD018,SNV039,SPP005
ACAZ003,ACGM037,ACRR006,FSP006,LMA010,LTT023,OCP013,OEV002,ORF002,PHE007,SDD009,SEN009,SMA029,SMW003,SMW008,SMW011,SSS007,SST010
ACEM018,ACGM037,ACIM010,ACPH013,EDO014,EJP015,EOW014,EWW038,LDG021,LMA008,LMC032,LRE010,LUN004,OBI023,SGD008,SHN004,SMA036,SOD031
ACAL032,ACEV015,ACNO025,EHH018,EOW020,EWW005,LPL031,MYSP002,OCP022,OSH018,PAN014,PHE007,POM017,SEL004,SMT005,SST003,SWA022,SZO009
ACFF004,ACPP025,FSP007,HEV003,LBU023,LPL013,LPL031,LPR011,OCE016,OSH020,OWA003,PCA020,PMO023,SCO004,SFN012,SIW017,SRR019,SST008
ACAM002,EDO004,EJF019,EPP017,LBB003,LCC017,LMA016,ODE009,PFF024,SAA017,SAS021,SME001,SMW011,SOD006,SRR017,SSS030,SST008,STR018
ACAM003,ACGM017,ACNO013,ACSP029,EEG021,ESS011,FSP007,LAM027,LBI030,LBI036,LCC009,LMC022,LUN002,ORR021,OSH001,PAN030,PFF003,PMO024
ACCU034,ACPP020,ECF014,EHH004,EJP001,EWW018,LAL003,LAM006,LHY005,LMA026,LMA036,LRE025,ODE019,ORE015,PAN022,SBB021,SCC002,SST038
ACAL032,ACGM024,ACGM054,EAG017,ECF011,ERO012,LCA003,LMC009,OCE012,OWA017,PAN022,PAN030,SCO023,SDD012,SPI003,SST011,SWA003,SWA009
ACGM013,ACMY002,ACPP036,EJF005,ERO027,EWW040,LBI003,LDG004,LUN013,OBI004,ORE012,SAA001,SAS015,SBB014,SFO005,SNV007,SPI005,SSC001
ACAL030,EOW020,ERO032,EWW040,LBI005,LBU023,LMC025,OBI021,OFI009,OMA002,OMW010,PAN016,PLB004,SCO018,SGM010,SIW016,SME014,SSS024
EAG016,ECF014,EOW018,LAM023,LBB002,LMC009,LPL012,LPR019,LTT020,LVE002,OFI031,PAN012,PHE010,PMO023,SCC003,SPI004,STR005,SWA001
ACGM009,ACOO011,EBT006,ERO028,LMA018,LPR027,LVE006,OEV002,OWA018,PMO011,SEL004,SFN026,SFO023,SGD009,SMA006,SOD011,SRR019,STE023
ACCU023,ACEM032,ACEV007,EES003,EMM006,EWW003,LMA006,ODE023,ORR007,PAN008,SAS010,SAS012,SCC001,SCO026,SEN005,SFN026,SGD001,SST010
EWW018,LAL030,LCA016,LCC013,LRE008,LVE007,MYSE001,OBI028,ODE021,ORR008,PFF015,SBB019,SEL014,SGM012,SGM032,SPI026,SRR002,STR024
ACAL032,ACNO002,ACPP028,ACPP032,EEE019,EHH001,EJF002,LBU010,LMA060,LMC034,OBI001,OCP008,PHE017,SFO009,SMO019,SNV005,SNV037,SST004
ACAL011,ACFE023,ACNO025,EJP005,EMM009,EPP003,LAL029,LBU006,LCR008,LDG019,ORE003,PMO023,SAS019,SCO005,SDD005,SST003,STR009,STR020
ACCU034,ACGM054,ACNO029,ACPP005,EOW013,EPP018,LBI037,LEV001,OMW003,OSH021,PAN003,SEN014,SMA032,SME018,SNV020,SSS023,SST015,STE019
ACCU033,ACGM050,ECF014,EEG005,EOW003,LMA035,LMA044,LTT022,LUN013,OFI034,ORE019,ORR004,OSH023,SEL017,SMA012,SMW005,SNV024,SST032
ACCU017,ACMU008,ECF023,EMM013,LBB025,LDG018,OMA011,OSH016,PAN021,PFF003,PFF017,SFN019,SFO006,SMA002,SNB005,SNV025,SSS012,STR011
ACIM014,EAG006,EWO009,LAL003,LAM009,LCA006,OFF015,PCA032,PHE006,POM005,SBB016,SCC007,SCO007,SEV001,SFO003,SNV029,SSS001,SZO009
ACFE027,ACNO002,EDO001,ERO032,LBI025,LBU039,LCA024,LCC019,LEV001,LMA010,LMA046,LPR011,OMA023,PAN003,PHE001,SDD014,SEL005,SSS028
ACCU028,ACFE032,ACMU006,ACMU009,ECF009,EOW020,FPA006,LBI012,LBU027,LUN036,OCP008,OFI034,PAN009,SBB002,SGM029,SMO026,SST028,STR017
ACEM031,ACPH004,ERO010,LBB027,LBI003,LCA011,LPL027,LPR028,LTT015,MYSC001,ORR003,PHE026,SBB002,SEN013,SIW002,SNV002,SPI016,SSC001
ACAM004,ACEM027,ACMU009,EJP021,EPP028,LBB031,LBI022,LMC032,LRE009,LUN029,OFF007,OMA003,ORE013,ORE019,SCO013,SGM032,SOD027,SST037
ACNO006,EDO001,EJP014,EMM023,EPP006,FLL002,LAM004,ORE004,SBB003,SBB019,SEL012,SFN010,SFN015,SFN019,SGM012,SMA003,STE004,SWA004
ACGD015,ACNO015,ACPY005,EDO017,FHI002,LEV006,LMA033,LPL024,LPR020,LVE026,MYSP002,SCO005,SFN010,SFO008,SMO011,SMO028,STE026,SWA006
ACCU009,ACPH011,EAG024,EEE015,LAM015,LMC034,LPL012,LRE031,LTT026,LUN025,LUN029,OBI001,OCE023,ODE003,OMA007,OSH009,PCA020,SCC005
ACGM025,ACOO010,LAM022,LBI013,LBU025,LCC002,LDG022,MYSP001,OBI026,OFI018,ORE011,OSH018,PIC003,SBB014,SBB022,SGM007,SIW011,SNB006
ACGD012,EAG004,LBU039,LHY006,LMA035,LTT006,LVE012,OFI027,OMA001,PCA011,PHE022,POM023,SAS005,SCO007,SEL001,SEN001,SPL005,SSS023
ACAL032,ACAL039,ACFE011,ACHA014,EJP009,EPP006,FSE007,LCA016,LCC015,LMC021,LVE022,OCE016,OMW003,ORR006,OSH022,PAN006,SFR005,SWA012
ACAL001,ACFE019,ACPP008,EHH002,ESS019,FPA002,LBI041,LMA002,LPL004,LUN027,OMA011,OMW009,ORR007,PHE004,SFO011,SFR005,SPP005,SST033
ACNO041,EES005,EJP012,EOW009,LDG005,LMA018,LTT026,LUN031,PCA011,PIC003,SCO001,SDD014,SMA036,SME010,SMW013,SOD027,SRR017,STR023
ACEM018,ACGM019,ACGM057,ACPH005,ERO018,ESS007,FSC002,LAM010,LBB003,LBU020,LBU033,OMA022,OMA023,PHE024,SAA017,SST017,STE002,STR001
EEG006,LBI024,LBI030,LBU002,LBU007,LCA014,LMA016,LMC020,LPR019,LUN027,MYSC001,OCE009,OCE024,OMA013,ORR003,SEL012,SME023,SMO016
ERO016,LAL002,LMC025,OCE018,OSH003,OSH022,OWA014,PAN017,PAN019,PIC012,SEL008,SIW007,SNV020,SRR015,SST010,STE012,SWA021,SWA028
ACGM001,EES007,EJP009,EOW023,ESS001,HEV006,LAL010,LMA060,LMC033,LPL004,LPR004,LRE026,LVE012,OCP022,PCA010,PFF024,PHE005,SAA009
ACFF006,ACPP002,EJP016,EWO004,EWO017,EWW019,LCC017,OCP014,OMA009,OSH009,PHE005,SAA012,SCO016,SGD016,SMA036,SSS010,SST008,STR030
ACFE015,ECF025,EDO004,EMM034,EOW024,LBI011,LBI024,LDG003,LMA006,LMA008,LPR007,LRE014,OWA010,PAN017,PIC003,SCO026,SMO018,SNV019
ACGD015,ACNO022,ECF008,EHH008,LBU003,LCA021,LMA026,LMA041,LPL024,LPR027,LUN004,LUN010,ODE028,OFI018,OMA006,PHE010,SFO007,SMW010
ACCU023,ACEV017,ACNO041,ACPP025,ACPP035,EAG001,EHH018,EJP012,EMM034,HEV006,LAM014,LBI005,PCA005,PCA020,PMO023,SME008,SPI011,STR030
ACGM017,ACGM047,ACPY005,EAG009,LBI009,LBI012,LBI042,LPR011,OCP023,OFI016,PLB004,SCO018,SDD018,SEN009,SFO004,SGD016,SNB023,SWA028
ACAL001,ACAM005,ACFE019,ACPP016,ACTO001,ERO018,LBB001,LBU027,LEV003,LTT012,OBI020,OMA010,ORE004,PCA012,SCO019,SFR009,SPI028,SWA021
ACAL023,EJF013,EJF019,EJP002,EOW002,OFI012,OFI021,PHE006,SEL020,SEN014,SGM018,SGM033,SHN004,SPI026,SRR001,SST004,SST028,SZO007
ACFE025,ACGM050,ACWS007,ACWS023,ELT011,EWW019,LBU027,LCC017,LMA041,LPR014,LTT021,OSH006,PFF005,PFF024,POM018,SEV001,SGD013,SOD003
ACAL002,ACEV007,ACGD009,EAG016,EMM029,EPP026,EWW013,FSC001,LAL032,LBI036,LVE026,OFI033,OMA009,PHE008,SAA018,SMO006,SRR016,SWA026
ACAL001,ACAL039,ACEV020,ACGM004,ACNO028,EBT006,EJP011,ERO024,OWA017,PAN013,SAA001,SAA003,SAS025,SBB016,SDD003,SNV024,SNV029,SRR017
EJP024,EWW001,FSE001,LBU004,LMA039,LPL031,LRE009,LUN016,OCP023,OMA006,ORE011,SCO016,SGM006,SMW014,SNV039,SSS024,STE009,SZO005
ACAL034,ACCU018,EOW020,HEV008,LBU023,LCA003,LCR004,LDG007,LVE017,LVE033,OFI012,ORE012,OSH012,SCO002,SEV005,SFO022,SOD003,STR029
ACAL011,ACNO035,ACPH005,EEE003,EEG009,EJF005,ELT008,LAM021,LAM027,LCC015,MYSP001,OMA020,PAN012,PMO024,POM018,SAS021,SST024,STR001
ACFF006,ACPP020,ECF001,EEG011,EJF003,LBI003,LBU027,LCA010,LHY005,LMA048,LUN029,OFF011,OMA001,OMA032,PAN014,POM009,SDD001,SFN023
ACOO012,EEG002,FSC004,LBB020,LCA001,LCC015,LMC032,LUN026,OBI007,OCP009,ODE009,ODE013,ORE019,ORR006,PFF024,PLB005,SNV007,SWA022
ACMU001,ACOO010,EAG022,ERO026,EWW008,EWW015,LAL017,LAL034,LAM009,LMC002,OFI001,ORR009,PHE027,SAS003,SCO003,SCO023,SEL001,SPI012
ACAZ006,ACFF001,ACHA018,ACPY005,ERO035,LAL030,LCA003,LCC008,LMA003,LPR028,OCE006,ODE018,OFI008,SFO023,SIW005,SMA005,SPP003,SSS018
ACCU019,ACFE021,EES019,EJF002,LBU008,LCC002,LCC019,LRE025,OCE004,OMA032,ORE013,ORR009,OWA005,POM003,SAS019,SGM006,SRR014,SWA014
ACTA001,EEG006,EJF001,EJP016,LBI037,LDG006,LMA031,OFF007,OFI010,OMA016,ORR015,OSH021,OWA007,PCA010,POM001,SEL003,SPP004,STE012
ACCU031,ACGD002,EEG009,EJP005,LMC012,LPL024,LTT007,MYHI003,OMA010,PHE018,POM007,SAS021,SEL014,SEL023,SNV009,SRR005,SST037,STR030
ACAL019,ACAL023,ACCU002,ACCU005,ACFE012,ACGM017,EHH008,EJF003,EJP021,EWO006,LAM010,LMA016,LPL019,ORE011,PLB005,SCO013,SFO012,SSS024
ACPH004,EAG016,EES010,EJF021,EMM019,ERO001,ERO012,ESS008,FPA002,LBB027,LBU007,LHY006,LMA006,LUN036,PAN030,SDD016,SEL003,SST013
ACAZ004,ACGM017,EJF021,EMM036,FHI006,LAL016,LTT011,LUN005,OCP009,OFI008,PAN003,SBB010,SCO011,SEV005,SFO002,SMA014,SME010,SME014
ACMU006,EAG032,EEE018,EJP024,ESS007,EWW032,FHI004,LMA045,LMC014,LMC021,LUN025,OBI004,OCE023,OFI017,OFI021,OMW009,SDD023,SMO015
EAG008,EMM006,ESY009,LCA023,LPL024,LTT004,LUN039,OEV007,ORR010,ORR020,PIC012,SAA002,SAS021,SIW002,SMO022,SPI020,SRR001,SSC007
ACGM029,ACPP027,ACSP008,LDG004,LDG021,LMC021,LPR026,LVE033,OFI021,ORE005,PAN017,SAA009,SAS020,SBB005,SFR005,SMW011,SOD021,SOD023
ACAM007,ACGM044,ACPH013,EWW009,LAM011,LBB027,LBI022,LPR012,OMA006,ORR019,PFF004,PHE003,PHE017,SOD001,SST037,SST040,STR011,SWA003
ACAZ003,ACHA018,ACNO015,ERO036,EWW013,FPA006,FSE007,LBU033,LMC012,LRE005,MYSE004,OWA007,PHE005,PIC014,SAS011,SGD012,SOD001,SOD010
ECF016,EES009,EJF006,EWO003,FPA001,FSP007,LAM027,LBU023,LPR012,ORE013,ORR021,OWA017,PAN004,SBB005,SEN012,SFN023,SGM017,SIW002
ACAL034,EDO003,EHH010,EJP016,EWO004,LAM021,LTT006,LVE006,OCE020,OFF015,ORR008,SCO014,SDD009,SEL013,SFO008,SMA001,SMT008,SPI026
ACMO002,ACNO025,ACPP006,CEV001,EJP027,EPP028,FHI006,LBB031,LCC002,LMA053,LRE029,OWA014,PAN030,PMO009,SDD012,SFN013,SGM018,SST009
ACAZ004,ACFF001,ACGM023,ACIM014,ACMU003,ACWS001,EMM019,EMM029,HEV004,LEV005,LMA014,OBI006,OFI004,ORE023,PMO009,SDD009,SFN020,SOD032
ACSP024,EEG002,EEG027,FPA007,LAL034,LBI034,LDG002,LMA012,LMA041,ORE005,PFF002,PHE006,PHE009,SAS020,SFO018,SMA006,SOD014,SPL010
ACEV018,ACFE004,ACNO042,EES021,EJF003,EPP028,ERO004,ERO007,ERO008,LCA032,LEV003,OBI003,ORE001,ORE015,PFF006,SDD003,SEL010,SSC007
ACGM019,ACMO005,ACOO012,ERO018,LAL005,LPL035,ODE015,ODE018,OMA013,OMW010,OMW015,OWA006,PAN012,PCA016,SEL016,SNV029,SRR016,SST032
ACIM001,ACSP029,EWO020,LCA007,LPL004,LRE017,OBI007,PCA010,SAS020,SGD006,SGD009,SME018,SNV029,SPI012,SRR003,SRR017,SSS011,SUM003
ACEM006,ACFE032,ACPP031,EAG004,LBI001,LDG017,LMA048,LUN031,OSH002,OWA021,SMA029,SMT002,SMW003,SOD006,SPI020,SPL003,SST033,STE002
ACIM002,ACPP016,EAG008,EAG016,HEV003,LDG005,ODE012,ODE015,OMA004,OMA025,PAN030,SAA004,SDD008,SMW015,SMW017,SPP004,SRR008,SSS011
ACCU009,ACFE003,ACTO001,EEE020,EEG009,EOW014,LBB026,LMA006,OCP010,OMA011,OMW009,ORR010,OSH009,SAA013,SFN023,SIW011,SPP003,STR009
ACCU005,ACGM044,ACNO041,ACPP028,ACWS013,EHH001,LBB006,LBI033,LMA009,LMA035,OFI033,OMA010,OMA020,PHE031,SFN012,SIW003,SNV024,SPI005
ACAL032,EMM009,EWW008,EWW032,LRE021,LRE027,MYSE003,OSH024,PAN019,PFF020,POM023,SCO004,SCO018,SCO021,SGM026,SHN004,SME023,STE026
ACWS001,EAG013,EHC005,EHH009,ESY002,LCC002,LDG007,OCP013,ODE009,ORE013,ORF004,SAS001,SEV002,SFO022,SNV004,SRR017,SSS010,STE026
ACPP035,EEE004,EEG009,EES007,ERO034,EWW006,LBU003,OCE016,OFI039,OWA003,PAN012,PIC012,PMO011,SGM015,SGM021,SGM033,SPL010,STR019
ACCU023,ACMO001,ACNO040,EDO011,ERO026,ERO036,EWW020,FSP008,LBU004,LMC030,OCP008,OMA001,ORE020,POM013,SGM018,SMA015,SMW015,SPI011
ACAL031,ACFE023,ACGM050,ACNO005,ACNO006,EEG021,LBU003,LPR007,OBI001,OCP013,OFF016,PHE006,PHE007,PIC002,SMA014,SMO018,SRR003,SWA004
ACFE012,EAG018,EES013,ESS006,LAL034,LAM023,LBB024,LBI023,LDG024,LMA016,LMA060,LRE002,PFF005,SDD030,SEL023,SMA032,SMO009,SSS009
ACAL032,ACGM023,ACGM057,ACIM002,EJF021,EOW010,LDG006,LMA002,LMA015,LVE030,ODE015,ODE023,OFF019,OMA012,OSH023,SIW002,SMO023,SNV033
ACAL034,ACCU026,ACMO003,ACPP013,ERO003,EWO005,LBB031,LVE026,MYLO002,OSH008,PAN020,SLP001,SME004,SME005,SNV008,SNV029,SOD010,SRR019
ACFE005,ACWS019,EAG024,EOW018,EWO001,EWW011,HEV008,LBB016,LDG001,LMA031,LPR026,LTT006,LUN007,OFF019,SGD008,SMW012,SPI017,SWA006
ACAL010,ACAL023,ACHA006,EAG007,EES020,ESS011,EWO001,LAM023,LPL015,OBI026,OFF003,ORF003,OSH013,PAN003,PCA034,SFR006,SMA001,SNV020
ACEV007,ACOO012,ACPP013,EPP016,ESS011,EWO008,LBB011,LBB026,LPL002,LUN029,PAN003,PIC014,SEL014,SEN001,SEN010,SMW010,SPI021,SST017
ACFE004,ACHA018,ACOO012,ACPP032,ACPY004,ACSP024,ACWS018,LAL034,LBI003,LMC022,LRE029,MYSP001,OBI021,PAN013,SEL013,SIW017,SMW014,SSS001
ACGM039,ACOO011,ACPP034,EEE020,ERO027,LBB001,LRE019,MYHI003,OCE003,OFI011,OFI034,PFF006,PHE003,SAS012,SBB022,SEL005,SMO009,STR006
ACCU004,EDO003,EHC005,EJP004,ERO016,LCA009,OBI011,OFI018,ORE016,PHE027,SBB016,SEV001,SGD013,SGM021,SOD027,SPI010,SPI020,SWA009
ACAM004,ACGD015,ACGM009,ACNO025,ACPY004,ACTA008,EHC007,EMM022,EOW001,EWO018,LAM015,LBB031,LUN007,OCP008,OFF007,PCA032,PMO017,POM005
EMM029,EOW020,HEV003,LAL016,LAL030,OCP014,ORE004,OWA014,SAS020,SCO021,SCO026,SFO006,SGM024,SIW006,SNV027,SPL010,SSS018,STR030
