ACEV001,ACEV009,ACGM009,ACOO007,ACTA015,EEE021,FHI005,LAL034,LAM020,LBU043,LCA025,OCE005,ORR009,SCO002,SCO010,SNV017,SNV044,SSS005
ACAZ008,ACEM012,ACEV001,ACGM009,ACOO007,EPP008,FHI005,LAM020,LMC016,LUN002,MYLO002,OCE005,ODE010,ORR009,PFF005,SCO002,SME006,SNB011
ACAM005,ACCU029,ACMU002,ACRH006,ACWS017,EHH005,EOW026,FSC002,LBB031,LBI044,LBU021,LPR027,OCE015,OFI035,OMA008,SCO009,SGD003,SSS010
ACAZ003,ACMU002,EPP009,EPP019,ERO034,ESS011,ESS014,EWW027,EWW035,LAM020,OFF027,PHE027,PMO015,PMO023,POM005,SNV041,STR006,SUM001
ACAL028,ACAZ008,ACEM012,ACEV001,ACEV009,ACGM009,ACSP032,EPP008,LAM020,LBU043,LUN002,MYLO002,ORR009,SAS023,SCO002,SGM002,SSS005,STE007
ACEV001,ACEV009,ACGM009,ACOO007,ACTA015,EEE021,EPP008,FHI005,LAL034,LAM020,LBU043,LCA025,ORR009,PMO021,SCO002,SCO010,SNV017,SSS005
ACAZ008,ACCU024,ACEV001,ACEV009,ACGM009,ACOO007,EAG004,ERO019,LAL006,LAM020,LBU043,LUN002,MYLO002,ODE010,ORR009,PFF005,SCO002,SSS005
ACAZ008,ACEM012,ACEV001,ACEV009,EPP008,FHI005,LAM020,LBU043,LUN002,LUN020,MYLO002,ODE010,ORR009,SCO002,SEN011,SGM002,SMA036,SSS005
ACAM004,ACCU029,ACMU002,ACRH006,ACWS017,EHH005,EOW026,EPP027,EWW027,FSC002,LBB031,LBI044,LPR027,OFI035,SCO009,SGD003,SMT006,SSS010
ACAZ005,ACMU002,ACOO018,EOW014,EPP016,ERO034,ESS011,EWW027,LAM020,LMA046,LUN038,PAN019,PHE027,POM012,SNV041,SSS008,STR006,SUM001
ACAZ008,ACEM012,ACEV001,ACEV009,ACGM009,ACSP032,EPP008,LAM020,LCR007,LUN002,MYLO002,ODE010,OFF009,ORR009,SCO002,SGM002,SSS005,STE007
ACOO007,EEE021,EPP008,EWO016,FHI005,HEV001,LAL034,LAM020,LBU043,LCA025,LCC011,LRE031,LUN002,OCE005,OFF008,ORR009,SCO002,SNV017
ACAZ003,ACAZ005,ACMU002,EOW014,EPP009,EPP016,EPP020,ERO034,ESS011,EWW027,LAM020,LVE003,PAN019,PHE027,POM012,SUM001,SWA012,SWA023
ACAM005,ACCU029,ACMU002,ACPH010,ACWS017,EOW020,EOW023,ESS001,ESY006,FSC002,LBI044,LBI045,LEV002,LUN030,OSH013,PAN029,SGD003,SZO010
ACAM004,ACMU002,ACWS017,ECF024,EHH005,EOW020,EPP012,EWW027,FSC002,LBI038,LBI044,LMA049,LUN030,OBI005,OBI018,ORF002,PAN029,SCO009
ACAZ008,ACEV001,ACEV009,EPP008,FHI005,FSE004,LAM020,LBU043,LUN002,LUN020,MYLO002,ODE010,ORR009,PFF005,SCO002,SEN011,SGM002,SSS005
ACCU029,ACMU002,ACRH006,ACWS017,EHH005,EOW026,EWW027,FSC002,LBB031,LBI044,LBU021,LPR027,OCE015,OFI035,SCO009,SGD003,SGD007,SSS010
ACAZ003,ACAZ005,ACMU002,ACOO018,EOW009,EPP016,ERO034,ESS011,EWW027,LAM020,LMA046,LUN038,PAN019,PHE027,POM012,SNV041,STR006,SUM001
ACAM005,ACCU029,ACWS017,EOW020,EOW023,EPP012,FSC002,LBI044,LBI045,LEV002,LUN030,LVE019,OBI023,OFI035,OSH013,PAN029,SGD003,SZO010
ACAZ008,ACEM012,ACEV001,ACEV009,ACGM009,ACSP032,EPP008,LAM020,LAM026,LUN002,MYLO002,ODE010,OFF009,ORR009,PFF005,SCO002,SGM002,STE007
ACAZ003,ACAZ005,ACFE033,ACMU002,EOW014,EPP009,EPP016,ERO034,ESS011,LAM020,LCA032,LMA046,LVE003,PAN019,PHE027,POM012,SNV041,SUM001
ACAM004,ACAM006,ACMU002,ACWS017,ECF024,EHH005,EOW020,EPP012,EWW027,FSC002,LBI044,LBU021,LUN030,OBI005,ORF002,PIC011,SCO009,SGD003
ACAZ008,ACEM012,ACEV001,ACGM009,ACOO007,EES012,EPP026,FHI005,LAM020,LDG021,LUN002,MYLO002,OCE005,ODE010,ORR009,PFF005,SCO002,SNB011
ACAZ003,ACAZ004,ACAZ005,ACMU002,ACOO018,EOW014,EPP016,ERO034,ESS011,EWW027,LAM020,LMA046,LUN038,PHE027,POM012,SNV041,STR006,SUM001
ACEM004,ACEM012,ACEM025,ACGM009,EJP005,EPP002,ERO032,LBU043,LPL016,LRE002,PCA034,PFF006,SCC005,SEL015,SFN024,SHN002,SMO002,SNB005
ACAZ008,ACEM012,ACEV001,ACGM009,ACOO007,EPP008,ERO022,FHI005,LAM020,LDG021,LUN002,MYLO002,OCE005,ODE010,ORR009,PFF005,SCO002,SNB011
ACAZ008,ACEM012,ACEV001,ACEV009,ACGM009,ACSP032,EPP008,LAM020,LUN002,MYLO002,ODE010,OFF009,OFF011,PFF005,SCO002,SGM002,SSS005,STE007
ACAM001,ACAM004,ACAM005,ACCU029,ACMU002,ACSP005,ACWS017,EOW026,EWW022,EWW027,FSC002,LBI044,LBU021,OFI035,PAN029,PFF021,SBB014,SME023
ACAZ008,ACEM012,ACEV001,ACEV009,ACGM009,ACOO007,ACWS020,EDO017,EPP008,LAL034,LAM020,LCC001,LDG021,LMA019,LUN002,ORR009,PFF005,SSS005
ACEV009,ACNO019,ACOO007,EEE021,EPP008,EWO016,FHI005,LAL034,LAM020,LBU043,LCA025,LCC011,LRE031,LUN002,OCE005,OFF008,SCO002,SNV017
ACAM004,ACAM005,ACMU002,ACWS017,EAF003,EBT006,EJP014,EOW014,EOW020,FSC002,LBU021,LMA017,LPL019,MYSC002,OMW015,PAN029,SFN017,SGD003
ACAL018,ACMU002,EEG001,EEG025,EJP021,EOW019,ERO005,EWW014,LBI044,LCR001,LMC008,LPL011,LPR026,LVE006,OWA017,POM023,SEL010,SOD013
ACEM004,ACEM012,ACEM025,ACGM009,ACGM037,ACOO016,EJP005,ERO032,ESY005,LBU043,LPL016,LRE002,LVE022,PFF006,SCC005,SFN024,SMO002,SMO019
ACAZ008,ACEM012,ACEV001,ACEV009,ACGM009,ACOO007,EDO017,EPP008,LAL034,LAM020,LCC001,LDG021,LMA019,LUN002,OCE005,ORR009,PFF005,SST016
ACAM005,ACMO005,ACMU002,EEG006,EMM005,ERO005,EWW014,LAL032,LCR001,LMC016,LPL011,LTT018,LVE006,OWA017,PHE029,SEL010,SGD004,SOD013
ACEM012,ACEV001,ACGM009,ACNO022,ACOO007,EDO017,EPP008,EPP015,EWO020,LAL034,LAM020,LDG021,LMA019,LUN002,OCE005,ORR009,PFF005,SSS005
ACAM005,ACWS017,EBT006,EHH005,EOW015,EOW020,EPP010,ERO014,EWW027,FSC002,LBU021,LPL019,MYSP002,OMW017,PAN029,PCA016,SFN017,SNV001
ACEM004,ACEM012,ACGM009,ACGM037,EJP005,ERO032,ESY005,LBI045,LBU043,LPL016,LRE002,LVE022,PFF006,SCC005,SEL015,SFN024,SMO002,SMO019
ACAM005,ACWS017,EBT006,EHH005,EJP014,EOW015,EOW020,EPP010,EPP011,EWW027,FSC002,LBU021,LPL019,OMW017,PAN029,PCA016,SFN017,SNV001
ACCU030,ACEM012,ACEM025,ACGM009,EOW003,EOW007,ERO032,FPA007,FSP007,LBU043,OMA003,OWA006,PAN009,PAN020,PCA026,SCC003,SCC005,SMO002
ACAM002,ACAM004,ACAM005,ACAM008,ACGM021,ACSP006,ACWS017,EHH005,EJP014,EOW020,EPP010,EWW027,FSC002,LBU021,LPL019,OMW017,PAN029,SFN017
ACAM001,ACAM004,ACAM005,ACAM006,ACCU029,ACMU002,ACRH004,ACSP005,ACWS017,EOW026,EWW022,EWW027,FSC002,LBU021,OFI035,PAN029,PFF021,SME023
ACAM004,ACAM006,ACCU009,ACMU002,ACWS017,ECF024,EHH005,EOW020,EPP012,FSC002,LBI044,LBU021,LUN030,OBI005,ORF002,PAN029,SCO009,SGD003
ACAZ008,ACCU024,ACEM012,ACEV001,ACEV009,ACGM009,ACOO007,EAG004,LAL028,LAM020,LBU043,LDG021,MYLO002,ODE010,ORR009,PFF005,SCO002,SSS005
ACAM002,ACAM004,ACAM005,ACAZ002,ACEV013,ACWS017,EBT006,EHH005,EJP014,EOW020,EWW027,FSC002,LBU021,LPL019,MYSP002,OMW017,PAN029,SFN017
ACAZ003,EPP009,ERO034,ESS011,ESS014,EWW027,EWW035,LAM020,LCC005,OFF027,PHE027,PMO015,PMO023,POM005,POM012,SNV041,STR006,SUM001
ACAL029,ACMU002,EDO006,EEG001,EEG025,EOW019,EWW014,LBI044,LCR001,LPL011,LPR026,LVE006,OWA017,PHE029,POM023,SEL010,SEV001,SOD013
ACAL018,ACMU002,EEG001,EEG025,EJP021,EOW019,ERO005,EWW014,LAM003,LBI044,LCR001,LPL011,LPR026,LVE006,OWA017,POM023,SEL010,SOD013
ACAM004,ACAM005,ACMU002,ACWS017,EAF003,EBT006,EJP014,EOW007,EOW014,EOW020,FSC002,LBU021,LBU029,LPL019,OMW015,PAN029,SFN017,SGD003
ACMU002,EDO006,EEG001,EEG025,EJP021,EOW019,EWW014,LBI044,LCR001,LPL011,LPR026,LVE006,OWA017,PHE029,POM023,SEL010,SEV001,SOD013
